graph_id,src_id,dst_id,label,train_mask,val_mask,test_mask
0,160,118,0,True,False,False
0,118,160,0,True,False,False
0,118,287,0,True,False,False
0,287,118,0,True,False,False
0,118,278,0,True,False,False
0,278,118,0,True,False,False
0,118,30,0,True,False,False
0,30,118,0,True,False,False
0,181,118,0,True,False,False
0,118,181,0,True,False,False
0,118,63,0,True,False,False
0,63,118,0,True,False,False
0,118,174,0,True,False,False
0,174,118,0,True,False,False
0,118,72,0,True,False,False
0,72,118,0,True,False,False
0,303,118,0,True,False,False
0,118,303,0,True,False,False
0,118,86,0,True,False,False
0,86,118,0,True,False,False
0,40,118,0,True,False,False
0,118,40,0,True,False,False
0,286,306,0,True,False,False
0,306,286,0,True,False,False
0,306,209,0,True,False,False
0,209,306,0,True,False,False
0,234,306,0,True,False,False
0,306,234,0,True,False,False
0,250,306,0,True,False,False
0,306,250,0,True,False,False
0,37,250,0,True,False,False
0,250,37,0,True,False,False
0,250,209,0,True,False,False
0,209,250,0,True,False,False
0,234,250,0,True,False,False
0,250,234,0,True,False,False
0,83,37,0,True,False,False
0,37,83,0,True,False,False
0,37,209,0,True,False,False
0,209,37,0,True,False,False
0,234,37,0,True,False,False
0,37,234,0,True,False,False
0,266,134,0,True,False,False
0,134,266,0,True,False,False
0,101,134,0,True,False,False
0,134,101,0,True,False,False
0,282,134,0,True,False,False
0,134,282,0,True,False,False
0,175,102,0,True,False,False
0,102,175,0,True,False,False
0,74,175,0,True,False,False
0,175,74,0,True,False,False
0,175,9,0,True,False,False
0,9,175,0,True,False,False
0,123,175,0,True,False,False
0,175,123,0,True,False,False
0,175,153,0,True,False,False
0,153,175,0,True,False,False
0,175,234,0,True,False,False
0,234,175,0,True,False,False
0,207,175,0,True,False,False
0,175,207,0,True,False,False
0,175,254,0,True,False,False
0,254,175,0,True,False,False
0,175,203,0,True,False,False
0,203,175,0,True,False,False
0,175,263,0,True,False,False
0,263,175,0,True,False,False
0,175,128,0,True,False,False
0,128,175,0,True,False,False
0,245,46,0,True,False,False
0,46,245,0,True,False,False
0,266,46,0,True,False,False
0,46,266,0,True,False,False
0,101,46,0,True,False,False
0,46,101,0,True,False,False
0,266,7,0,True,False,False
0,7,266,0,True,False,False
0,122,7,0,True,False,False
0,7,122,0,True,False,False
0,113,7,0,True,False,False
0,7,113,0,True,False,False
0,282,7,0,True,False,False
0,7,282,0,True,False,False
0,19,200,0,True,False,False
0,200,19,0,True,False,False
0,114,200,0,True,False,False
0,200,114,0,True,False,False
0,105,200,0,True,False,False
0,200,105,0,True,False,False
0,232,18,0,True,False,False
0,18,232,0,True,False,False
0,245,18,0,True,False,False
0,18,245,0,True,False,False
0,120,305,0,True,False,False
0,305,120,0,True,False,False
0,105,305,0,True,False,False
0,305,105,0,True,False,False
0,161,41,0,True,False,False
0,41,161,0,True,False,False
0,229,41,0,True,False,False
0,41,229,0,True,False,False
0,177,41,0,True,False,False
0,41,177,0,True,False,False
0,48,41,0,True,False,False
0,41,48,0,True,False,False
0,76,162,0,True,False,False
0,162,76,0,True,False,False
0,19,162,0,True,False,False
0,162,19,0,True,False,False
0,114,162,0,True,False,False
0,162,114,0,True,False,False
0,78,68,0,True,False,False
0,68,78,0,True,False,False
0,39,68,0,True,False,False
0,68,39,0,True,False,False
0,194,68,0,True,False,False
0,68,194,0,True,False,False
0,141,68,0,True,False,False
0,68,141,0,True,False,False
0,280,53,0,True,False,False
0,53,280,0,True,False,False
0,141,53,0,True,False,False
0,53,141,0,True,False,False
0,16,53,0,True,False,False
0,53,16,0,True,False,False
0,233,217,0,True,False,False
0,217,233,0,True,False,False
0,293,217,0,True,False,False
0,217,293,0,True,False,False
0,76,217,0,True,False,False
0,217,76,0,True,False,False
0,19,217,0,True,False,False
0,217,19,0,True,False,False
0,280,197,0,True,False,False
0,197,280,0,True,False,False
0,225,197,0,True,False,False
0,197,225,0,True,False,False
0,194,0,0,True,False,False
0,0,194,0,True,False,False
0,141,0,0,True,False,False
0,0,141,0,True,False,False
0,16,0,0,True,False,False
0,0,16,0,True,False,False
0,257,189,0,True,False,False
0,189,257,0,True,False,False
0,66,189,0,True,False,False
0,189,66,0,True,False,False
0,48,189,0,True,False,False
0,189,48,0,True,False,False
0,260,32,0,True,False,False
0,32,260,0,True,False,False
0,206,32,0,True,False,False
0,32,206,0,True,False,False
0,149,61,0,True,False,False
0,61,149,0,True,False,False
0,229,61,0,True,False,False
0,61,229,0,True,False,False
0,177,61,0,True,False,False
0,61,177,0,True,False,False
0,243,107,0,True,False,False
0,107,243,0,True,False,False
0,8,107,0,True,False,False
0,107,8,0,True,False,False
0,283,107,0,True,False,False
0,107,283,0,True,False,False
0,243,156,0,True,False,False
0,156,243,0,True,False,False
0,283,156,0,True,False,False
0,156,283,0,True,False,False
0,66,156,0,True,False,False
0,156,66,0,True,False,False
0,260,4,0,True,False,False
0,4,260,0,True,False,False
0,149,4,0,True,False,False
0,4,149,0,True,False,False
0,229,4,0,True,False,False
0,4,229,0,True,False,False
0,161,211,0,True,False,False
0,211,161,0,True,False,False
0,257,211,0,True,False,False
0,211,257,0,True,False,False
0,48,211,0,True,False,False
0,211,48,0,True,False,False
0,88,300,0,True,False,False
0,300,88,0,True,False,False
0,78,88,0,True,False,False
0,88,78,0,True,False,False
0,88,278,0,True,False,False
0,278,88,0,True,False,False
0,72,88,0,True,False,False
0,88,72,0,True,False,False
0,275,88,0,True,False,False
0,88,275,0,True,False,False
0,269,300,0,True,False,False
0,300,269,0,True,False,False
0,269,278,0,True,False,False
0,278,269,0,True,False,False
0,269,209,0,True,False,False
0,209,269,0,True,False,False
0,167,269,0,True,False,False
0,269,167,0,True,False,False
0,86,269,0,True,False,False
0,269,86,0,True,False,False
0,271,269,0,True,False,False
0,269,271,0,True,False,False
0,218,300,0,True,False,False
0,300,218,0,True,False,False
0,287,218,0,True,False,False
0,218,287,0,True,False,False
0,218,278,0,True,False,False
0,278,218,0,True,False,False
0,72,218,0,True,False,False
0,218,72,0,True,False,False
0,167,218,0,True,False,False
0,218,167,0,True,False,False
0,273,300,0,True,False,False
0,300,273,0,True,False,False
0,78,273,0,True,False,False
0,273,78,0,True,False,False
0,273,278,0,True,False,False
0,278,273,0,True,False,False
0,39,273,0,True,False,False
0,273,39,0,True,False,False
0,275,273,0,True,False,False
0,273,275,0,True,False,False
0,20,300,0,True,False,False
0,300,20,0,True,False,False
0,287,20,0,True,False,False
0,20,287,0,True,False,False
0,20,278,0,True,False,False
0,278,20,0,True,False,False
0,167,20,0,True,False,False
0,20,167,0,True,False,False
0,86,20,0,True,False,False
0,20,86,0,True,False,False
0,243,176,0,True,False,False
0,176,243,0,True,False,False
0,8,176,0,True,False,False
0,176,8,0,True,False,False
0,276,176,0,True,False,False
0,176,276,0,True,False,False
0,176,209,0,True,False,False
0,209,176,0,True,False,False
0,243,125,0,True,False,False
0,125,243,0,True,False,False
0,8,125,0,True,False,False
0,125,8,0,True,False,False
0,276,125,0,True,False,False
0,125,276,0,True,False,False
0,149,184,0,True,False,False
0,184,149,0,True,False,False
0,229,184,0,True,False,False
0,184,229,0,True,False,False
0,177,184,0,True,False,False
0,184,177,0,True,False,False
0,257,173,0,True,False,False
0,173,257,0,True,False,False
0,66,173,0,True,False,False
0,173,66,0,True,False,False
0,48,173,0,True,False,False
0,173,48,0,True,False,False
0,243,85,0,True,False,False
0,85,243,0,True,False,False
0,8,85,0,True,False,False
0,85,8,0,True,False,False
0,283,85,0,True,False,False
0,85,283,0,True,False,False
0,161,292,0,True,False,False
0,292,161,0,True,False,False
0,257,292,0,True,False,False
0,292,257,0,True,False,False
0,48,292,0,True,False,False
0,292,48,0,True,False,False
0,243,285,0,True,False,False
0,285,243,0,True,False,False
0,283,285,0,True,False,False
0,285,283,0,True,False,False
0,66,285,0,True,False,False
0,285,66,0,True,False,False
0,260,244,0,True,False,False
0,244,260,0,True,False,False
0,149,244,0,True,False,False
0,244,149,0,True,False,False
0,229,244,0,True,False,False
0,244,229,0,True,False,False
0,260,219,0,True,False,False
0,219,260,0,True,False,False
0,206,219,0,True,False,False
0,219,206,0,True,False,False
0,280,226,0,True,False,False
0,226,280,0,True,False,False
0,225,226,0,True,False,False
0,226,225,0,True,False,False
0,78,49,0,True,False,False
0,49,78,0,True,False,False
0,72,49,0,True,False,False
0,49,72,0,True,False,False
0,275,49,0,True,False,False
0,49,275,0,True,False,False
0,78,29,0,True,False,False
0,29,78,0,True,False,False
0,39,29,0,True,False,False
0,29,39,0,True,False,False
0,275,29,0,True,False,False
0,29,275,0,True,False,False
0,194,299,0,True,False,False
0,299,194,0,True,False,False
0,141,299,0,True,False,False
0,299,141,0,True,False,False
0,16,299,0,True,False,False
0,299,16,0,True,False,False
0,161,215,0,True,False,False
0,215,161,0,True,False,False
0,229,215,0,True,False,False
0,215,229,0,True,False,False
0,177,215,0,True,False,False
0,215,177,0,True,False,False
0,48,215,0,True,False,False
0,215,48,0,True,False,False
0,78,93,0,True,False,False
0,93,78,0,True,False,False
0,39,93,0,True,False,False
0,93,39,0,True,False,False
0,194,93,0,True,False,False
0,93,194,0,True,False,False
0,141,93,0,True,False,False
0,93,141,0,True,False,False
0,280,98,0,True,False,False
0,98,280,0,True,False,False
0,141,98,0,True,False,False
0,98,141,0,True,False,False
0,16,98,0,True,False,False
0,98,16,0,True,False,False
0,235,64,0,True,False,False
0,64,235,0,True,False,False
0,113,64,0,True,False,False
0,64,113,0,True,False,False
0,89,64,0,True,False,False
0,64,89,0,True,False,False
0,287,146,0,True,False,False
0,146,287,0,True,False,False
0,72,146,0,True,False,False
0,146,72,0,True,False,False
0,167,146,0,True,False,False
0,146,167,0,True,False,False
0,159,117,0,True,False,False
0,117,159,0,True,False,False
0,36,117,0,True,False,False
0,117,36,0,True,False,False
0,108,117,0,True,False,False
0,117,108,0,True,False,False
0,159,99,0,True,False,False
0,99,159,0,True,False,False
0,2,99,0,True,False,False
0,99,2,0,True,False,False
0,108,99,0,True,False,False
0,99,108,0,True,False,False
0,235,213,0,True,False,False
0,213,235,0,True,False,False
0,2,213,0,True,False,False
0,213,2,0,True,False,False
0,108,213,0,True,False,False
0,213,108,0,True,False,False
0,287,236,0,True,False,False
0,236,287,0,True,False,False
0,167,236,0,True,False,False
0,236,167,0,True,False,False
0,86,236,0,True,False,False
0,236,86,0,True,False,False
0,167,196,0,True,False,False
0,196,167,0,True,False,False
0,86,196,0,True,False,False
0,196,86,0,True,False,False
0,271,196,0,True,False,False
0,196,271,0,True,False,False
0,266,131,0,True,False,False
0,131,266,0,True,False,False
0,122,131,0,True,False,False
0,131,122,0,True,False,False
0,113,131,0,True,False,False
0,131,113,0,True,False,False
0,282,131,0,True,False,False
0,131,282,0,True,False,False
0,232,155,0,True,False,False
0,155,232,0,True,False,False
0,245,155,0,True,False,False
0,155,245,0,True,False,False
0,233,6,0,True,False,False
0,6,233,0,True,False,False
0,293,6,0,True,False,False
0,6,293,0,True,False,False
0,76,6,0,True,False,False
0,6,76,0,True,False,False
0,19,6,0,True,False,False
0,6,19,0,True,False,False
0,19,164,0,True,False,False
0,164,19,0,True,False,False
0,114,164,0,True,False,False
0,164,114,0,True,False,False
0,105,164,0,True,False,False
0,164,105,0,True,False,False
0,266,15,0,True,False,False
0,15,266,0,True,False,False
0,101,15,0,True,False,False
0,15,101,0,True,False,False
0,282,15,0,True,False,False
0,15,282,0,True,False,False
0,76,5,0,True,False,False
0,5,76,0,True,False,False
0,19,5,0,True,False,False
0,5,19,0,True,False,False
0,114,5,0,True,False,False
0,5,114,0,True,False,False
0,245,70,0,True,False,False
0,70,245,0,True,False,False
0,266,70,0,True,False,False
0,70,266,0,True,False,False
0,101,70,0,True,False,False
0,70,101,0,True,False,False
0,122,210,0,True,False,False
0,210,122,0,True,False,False
0,113,210,0,True,False,False
0,210,113,0,True,False,False
0,89,210,0,True,False,False
0,210,89,0,True,False,False
0,59,102,0,True,False,False
0,102,59,0,True,False,False
0,271,102,0,True,False,False
0,102,271,0,True,False,False
0,193,103,0,True,False,False
0,103,193,0,True,False,False
0,233,103,0,True,False,False
0,103,233,0,True,False,False
0,293,103,0,True,False,False
0,103,293,0,True,False,False
0,103,254,0,True,False,False
0,254,103,0,True,False,False
0,103,263,0,True,False,False
0,263,103,0,True,False,False
0,193,290,0,True,False,False
0,290,193,0,True,False,False
0,233,290,0,True,False,False
0,290,233,0,True,False,False
0,293,290,0,True,False,False
0,290,293,0,True,False,False
0,193,205,0,True,False,False
0,205,193,0,True,False,False
0,233,205,0,True,False,False
0,205,233,0,True,False,False
0,110,205,0,True,False,False
0,205,110,0,True,False,False
0,120,151,0,True,False,False
0,151,120,0,True,False,False
0,105,151,0,True,False,False
0,151,105,0,True,False,False
0,59,304,0,True,False,False
0,304,59,0,True,False,False
0,110,304,0,True,False,False
0,304,110,0,True,False,False
0,207,304,0,True,False,False
0,304,207,0,True,False,False
0,59,203,0,True,False,False
0,203,59,0,True,False,False
0,207,203,0,True,False,False
0,203,207,0,True,False,False
0,193,21,0,True,False,False
0,21,193,0,True,False,False
0,233,21,0,True,False,False
0,21,233,0,True,False,False
0,110,21,0,True,False,False
0,21,110,0,True,False,False
0,21,254,0,True,False,False
0,254,21,0,True,False,False
0,21,263,0,True,False,False
0,263,21,0,True,False,False
0,235,35,0,True,False,False
0,35,235,0,True,False,False
0,35,254,0,True,False,False
0,254,35,0,True,False,False
0,35,263,0,True,False,False
0,263,35,0,True,False,False
0,113,35,0,True,False,False
0,35,113,0,True,False,False
0,89,35,0,True,False,False
0,35,89,0,True,False,False
0,59,47,0,True,False,False
0,47,59,0,True,False,False
0,110,47,0,True,False,False
0,47,110,0,True,False,False
0,207,47,0,True,False,False
0,47,207,0,True,False,False
0,47,254,0,True,False,False
0,254,47,0,True,False,False
0,47,263,0,True,False,False
0,263,47,0,True,False,False
0,59,153,0,True,False,False
0,153,59,0,True,False,False
0,207,153,0,True,False,False
0,153,207,0,True,False,False
0,153,254,0,True,False,False
0,254,153,0,True,False,False
0,153,263,0,True,False,False
0,263,153,0,True,False,False
0,235,13,0,True,False,False
0,13,235,0,True,False,False
0,2,13,0,True,False,False
0,13,2,0,True,False,False
0,13,254,0,True,False,False
0,254,13,0,True,False,False
0,108,13,0,True,False,False
0,13,108,0,True,False,False
0,13,263,0,True,False,False
0,263,13,0,True,False,False
0,152,254,0,True,False,False
0,254,152,0,True,False,False
0,122,152,0,True,False,False
0,152,122,0,True,False,False
0,152,263,0,True,False,False
0,263,152,0,True,False,False
0,113,152,0,True,False,False
0,152,113,0,True,False,False
0,89,152,0,True,False,False
0,152,89,0,True,False,False
0,59,128,0,True,False,False
0,128,59,0,True,False,False
0,128,234,0,True,False,False
0,234,128,0,True,False,False
0,128,254,0,True,False,False
0,254,128,0,True,False,False
0,271,128,0,True,False,False
0,128,271,0,True,False,False
0,128,263,0,True,False,False
0,263,128,0,True,False,False
0,100,26,0,True,False,False
0,26,100,0,True,False,False
0,79,26,0,True,False,False
0,26,79,0,True,False,False
0,265,26,0,True,False,False
0,26,265,0,True,False,False
0,84,26,0,True,False,False
0,26,84,0,True,False,False
0,201,26,0,True,False,False
0,26,201,0,True,False,False
0,255,26,0,True,False,False
0,26,255,0,True,False,False
0,80,26,0,True,False,False
0,26,80,0,True,False,False
0,129,26,0,True,False,False
0,26,129,0,True,False,False
0,178,26,0,True,False,False
0,26,178,0,True,False,False
0,44,26,0,True,False,False
0,26,44,0,True,False,False
0,301,26,0,True,False,False
0,26,301,0,True,False,False
0,191,26,0,True,False,False
0,26,191,0,True,False,False
0,198,26,0,True,False,False
0,26,198,0,True,False,False
0,60,26,0,True,False,False
0,26,60,0,True,False,False
0,148,26,0,True,False,False
0,26,148,0,True,False,False
0,163,26,0,True,False,False
0,26,163,0,True,False,False
0,170,26,0,True,False,False
0,26,170,0,True,False,False
0,238,26,0,True,False,False
0,26,238,0,True,False,False
0,214,26,0,True,False,False
0,26,214,0,True,False,False
0,58,26,0,True,False,False
0,26,58,0,True,False,False
0,119,26,0,True,False,False
0,26,119,0,True,False,False
0,92,26,0,True,False,False
0,26,92,0,True,False,False
0,166,26,0,True,False,False
0,26,166,0,True,False,False
0,297,26,0,True,False,False
0,26,297,0,True,False,False
0,96,26,0,True,False,False
0,26,96,0,True,False,False
0,187,26,0,True,False,False
0,26,187,0,True,False,False
0,253,26,0,True,False,False
0,26,253,0,True,False,False
0,91,26,0,True,False,False
0,26,91,0,True,False,False
0,62,26,0,True,False,False
0,26,62,0,True,False,False
0,26,75,0,True,False,False
0,75,26,0,True,False,False
0,190,26,0,True,False,False
0,26,190,0,True,False,False
0,309,26,0,True,False,False
0,26,309,0,True,False,False
0,204,26,0,True,False,False
0,26,204,0,True,False,False
0,26,234,0,True,False,False
0,234,26,0,True,False,False
0,132,26,0,True,False,False
0,26,132,0,True,False,False
0,34,26,0,True,False,False
0,26,34,0,True,False,False
0,43,26,0,True,False,False
0,26,43,0,True,False,False
0,248,26,0,True,False,False
0,26,248,0,True,False,False
0,57,26,0,True,False,False
0,26,57,0,True,False,False
0,87,26,0,True,False,False
0,26,87,0,True,False,False
0,270,26,0,True,False,False
0,26,270,0,True,False,False
0,144,26,0,True,False,False
0,26,144,0,True,False,False
0,67,26,0,True,False,False
0,26,67,0,True,False,False
0,115,26,0,True,False,False
0,26,115,0,True,False,False
0,220,26,0,True,False,False
0,26,220,0,True,False,False
0,97,26,0,True,False,False
0,26,97,0,True,False,False
0,230,26,0,True,False,False
0,26,230,0,True,False,False
0,26,73,0,True,False,False
0,73,26,0,True,False,False
0,241,26,0,True,False,False
0,26,241,0,True,False,False
0,137,26,0,True,False,False
0,26,137,0,True,False,False
0,90,26,0,True,False,False
0,26,90,0,True,False,False
0,159,81,0,True,False,False
0,81,159,0,True,False,False
0,2,81,0,True,False,False
0,81,2,0,True,False,False
0,81,254,0,True,False,False
0,254,81,0,True,False,False
0,108,81,0,True,False,False
0,81,108,0,True,False,False
0,81,263,0,True,False,False
0,263,81,0,True,False,False
0,159,42,0,True,False,False
0,42,159,0,True,False,False
0,42,234,0,True,False,False
0,234,42,0,True,False,False
0,42,254,0,True,False,False
0,254,42,0,True,False,False
0,36,42,0,True,False,False
0,42,36,0,True,False,False
0,108,42,0,True,False,False
0,42,108,0,True,False,False
0,42,263,0,True,False,False
0,263,42,0,True,False,False
0,234,208,0,True,False,False
0,208,234,0,True,False,False
0,79,234,0,True,False,False
0,234,79,0,True,False,False
0,234,286,0,True,False,False
0,286,234,0,True,False,False
0,234,83,0,True,False,False
0,83,234,0,True,False,False
0,59,234,0,True,False,False
0,234,59,0,True,False,False
0,129,234,0,True,False,False
0,234,129,0,True,False,False
0,191,234,0,True,False,False
0,234,191,0,True,False,False
0,159,234,0,True,False,False
0,234,159,0,True,False,False
0,234,9,0,True,False,False
0,9,234,0,True,False,False
0,234,239,0,True,False,False
0,239,234,0,True,False,False
0,199,234,0,True,False,False
0,234,199,0,True,False,False
0,123,234,0,True,False,False
0,234,123,0,True,False,False
0,147,234,0,True,False,False
0,234,147,0,True,False,False
0,247,234,0,True,False,False
0,234,247,0,True,False,False
0,234,75,0,True,False,False
0,75,234,0,True,False,False
0,234,254,0,True,False,False
0,254,234,0,True,False,False
0,87,234,0,True,False,False
0,234,87,0,True,False,False
0,36,234,0,True,False,False
0,234,36,0,True,False,False
0,234,52,0,True,False,False
0,52,234,0,True,False,False
0,108,234,0,True,False,False
0,234,108,0,True,False,False
0,67,234,0,True,False,False
0,234,67,0,True,False,False
0,271,234,0,True,False,False
0,234,271,0,True,False,False
0,234,263,0,True,False,False
0,263,234,0,True,False,False
0,230,234,0,True,False,False
0,234,230,0,True,False,False
0,234,73,0,True,False,False
0,73,234,0,True,False,False
0,234,109,0,True,False,False
0,109,234,0,True,False,False
0,234,69,0,True,False,False
0,69,234,0,True,False,False
0,142,9,0,True,False,False
0,9,142,0,True,False,False
0,265,9,0,True,False,False
0,9,265,0,True,False,False
0,245,9,0,True,False,False
0,9,245,0,True,False,False
0,255,9,0,True,False,False
0,9,255,0,True,False,False
0,193,9,0,True,False,False
0,9,193,0,True,False,False
0,294,9,0,True,False,False
0,9,294,0,True,False,False
0,157,9,0,True,False,False
0,9,157,0,True,False,False
0,74,9,0,True,False,False
0,9,74,0,True,False,False
0,198,9,0,True,False,False
0,9,198,0,True,False,False
0,159,9,0,True,False,False
0,9,159,0,True,False,False
0,82,9,0,True,False,False
0,9,82,0,True,False,False
0,170,9,0,True,False,False
0,9,170,0,True,False,False
0,94,9,0,True,False,False
0,9,94,0,True,False,False
0,284,9,0,True,False,False
0,9,284,0,True,False,False
0,240,9,0,True,False,False
0,9,240,0,True,False,False
0,123,9,0,True,False,False
0,9,123,0,True,False,False
0,119,9,0,True,False,False
0,9,119,0,True,False,False
0,147,9,0,True,False,False
0,9,147,0,True,False,False
0,293,9,0,True,False,False
0,9,293,0,True,False,False
0,76,9,0,True,False,False
0,9,76,0,True,False,False
0,166,9,0,True,False,False
0,9,166,0,True,False,False
0,297,9,0,True,False,False
0,9,297,0,True,False,False
0,96,9,0,True,False,False
0,9,96,0,True,False,False
0,110,9,0,True,False,False
0,9,110,0,True,False,False
0,187,9,0,True,False,False
0,9,187,0,True,False,False
0,216,9,0,True,False,False
0,9,216,0,True,False,False
0,91,9,0,True,False,False
0,9,91,0,True,False,False
0,3,9,0,True,False,False
0,9,3,0,True,False,False
0,101,9,0,True,False,False
0,9,101,0,True,False,False
0,235,9,0,True,False,False
0,9,235,0,True,False,False
0,2,9,0,True,False,False
0,9,2,0,True,False,False
0,132,9,0,True,False,False
0,9,132,0,True,False,False
0,43,9,0,True,False,False
0,9,43,0,True,False,False
0,207,9,0,True,False,False
0,9,207,0,True,False,False
0,254,9,0,True,False,False
0,9,254,0,True,False,False
0,27,9,0,True,False,False
0,9,27,0,True,False,False
0,67,9,0,True,False,False
0,9,67,0,True,False,False
0,122,9,0,True,False,False
0,9,122,0,True,False,False
0,230,9,0,True,False,False
0,9,230,0,True,False,False
0,73,9,0,True,False,False
0,9,73,0,True,False,False
0,241,9,0,True,False,False
0,9,241,0,True,False,False
0,137,9,0,True,False,False
0,9,137,0,True,False,False
0,28,9,0,True,False,False
0,9,28,0,True,False,False
0,114,9,0,True,False,False
0,9,114,0,True,False,False
0,231,9,0,True,False,False
0,9,231,0,True,False,False
0,105,9,0,True,False,False
0,9,105,0,True,False,False
0,282,9,0,True,False,False
0,9,282,0,True,False,False
0,224,9,0,True,False,False
0,9,224,0,True,False,False
0,89,9,0,True,False,False
0,9,89,0,True,False,False
0,232,263,0,True,False,False
0,263,232,0,True,False,False
0,120,263,0,True,False,False
0,263,120,0,True,False,False
0,245,263,0,True,False,False
0,263,245,0,True,False,False
0,193,263,0,True,False,False
0,263,193,0,True,False,False
0,59,263,0,True,False,False
0,263,59,0,True,False,False
0,159,263,0,True,False,False
0,263,159,0,True,False,False
0,266,263,0,True,False,False
0,263,266,0,True,False,False
0,233,263,0,True,False,False
0,263,233,0,True,False,False
0,293,263,0,True,False,False
0,263,293,0,True,False,False
0,76,263,0,True,False,False
0,263,76,0,True,False,False
0,110,263,0,True,False,False
0,263,110,0,True,False,False
0,101,263,0,True,False,False
0,263,101,0,True,False,False
0,235,263,0,True,False,False
0,263,235,0,True,False,False
0,2,263,0,True,False,False
0,263,2,0,True,False,False
0,207,263,0,True,False,False
0,263,207,0,True,False,False
0,263,254,0,True,False,False
0,254,263,0,True,False,False
0,36,263,0,True,False,False
0,263,36,0,True,False,False
0,108,263,0,True,False,False
0,263,108,0,True,False,False
0,271,263,0,True,False,False
0,263,271,0,True,False,False
0,122,263,0,True,False,False
0,263,122,0,True,False,False
0,19,263,0,True,False,False
0,263,19,0,True,False,False
0,113,263,0,True,False,False
0,263,113,0,True,False,False
0,114,263,0,True,False,False
0,263,114,0,True,False,False
0,105,263,0,True,False,False
0,263,105,0,True,False,False
0,282,263,0,True,False,False
0,263,282,0,True,False,False
0,89,263,0,True,False,False
0,263,89,0,True,False,False
0,168,75,0,True,False,False
0,75,168,0,True,False,False
0,100,75,0,True,False,False
0,75,100,0,True,False,False
0,79,75,0,True,False,False
0,75,79,0,True,False,False
0,50,75,0,True,False,False
0,75,50,0,True,False,False
0,274,75,0,True,False,False
0,75,274,0,True,False,False
0,84,75,0,True,False,False
0,75,84,0,True,False,False
0,201,75,0,True,False,False
0,75,201,0,True,False,False
0,302,75,0,True,False,False
0,75,302,0,True,False,False
0,10,75,0,True,False,False
0,75,10,0,True,False,False
0,80,75,0,True,False,False
0,75,80,0,True,False,False
0,129,75,0,True,False,False
0,75,129,0,True,False,False
0,178,75,0,True,False,False
0,75,178,0,True,False,False
0,44,75,0,True,False,False
0,75,44,0,True,False,False
0,301,75,0,True,False,False
0,75,301,0,True,False,False
0,191,75,0,True,False,False
0,75,191,0,True,False,False
0,60,75,0,True,False,False
0,75,60,0,True,False,False
0,148,75,0,True,False,False
0,75,148,0,True,False,False
0,163,75,0,True,False,False
0,75,163,0,True,False,False
0,14,75,0,True,False,False
0,75,14,0,True,False,False
0,238,75,0,True,False,False
0,75,238,0,True,False,False
0,199,75,0,True,False,False
0,75,199,0,True,False,False
0,214,75,0,True,False,False
0,75,214,0,True,False,False
0,58,75,0,True,False,False
0,75,58,0,True,False,False
0,139,75,0,True,False,False
0,75,139,0,True,False,False
0,92,75,0,True,False,False
0,75,92,0,True,False,False
0,253,75,0,True,False,False
0,75,253,0,True,False,False
0,247,75,0,True,False,False
0,75,247,0,True,False,False
0,62,75,0,True,False,False
0,75,62,0,True,False,False
0,143,75,0,True,False,False
0,75,143,0,True,False,False
0,251,75,0,True,False,False
0,75,251,0,True,False,False
0,190,75,0,True,False,False
0,75,190,0,True,False,False
0,309,75,0,True,False,False
0,75,309,0,True,False,False
0,204,75,0,True,False,False
0,75,204,0,True,False,False
0,34,75,0,True,False,False
0,75,34,0,True,False,False
0,248,75,0,True,False,False
0,75,248,0,True,False,False
0,57,75,0,True,False,False
0,75,57,0,True,False,False
0,133,75,0,True,False,False
0,75,133,0,True,False,False
0,87,75,0,True,False,False
0,75,87,0,True,False,False
0,270,75,0,True,False,False
0,75,270,0,True,False,False
0,144,75,0,True,False,False
0,75,144,0,True,False,False
0,115,75,0,True,False,False
0,75,115,0,True,False,False
0,220,75,0,True,False,False
0,75,220,0,True,False,False
0,179,75,0,True,False,False
0,75,179,0,True,False,False
0,97,75,0,True,False,False
0,75,97,0,True,False,False
0,237,75,0,True,False,False
0,75,237,0,True,False,False
0,75,109,0,True,False,False
0,109,75,0,True,False,False
0,121,75,0,True,False,False
0,75,121,0,True,False,False
0,51,75,0,True,False,False
0,75,51,0,True,False,False
0,90,75,0,True,False,False
0,75,90,0,True,False,False
0,142,254,0,True,False,False
0,254,142,0,True,False,False
0,245,254,0,True,False,False
0,254,245,0,True,False,False
0,193,254,0,True,False,False
0,254,193,0,True,False,False
0,294,254,0,True,False,False
0,254,294,0,True,False,False
0,157,254,0,True,False,False
0,254,157,0,True,False,False
0,74,254,0,True,False,False
0,254,74,0,True,False,False
0,159,254,0,True,False,False
0,254,159,0,True,False,False
0,82,254,0,True,False,False
0,254,82,0,True,False,False
0,94,254,0,True,False,False
0,254,94,0,True,False,False
0,284,254,0,True,False,False
0,254,284,0,True,False,False
0,240,254,0,True,False,False
0,254,240,0,True,False,False
0,123,254,0,True,False,False
0,254,123,0,True,False,False
0,147,254,0,True,False,False
0,254,147,0,True,False,False
0,293,254,0,True,False,False
0,254,293,0,True,False,False
0,76,254,0,True,False,False
0,254,76,0,True,False,False
0,110,254,0,True,False,False
0,254,110,0,True,False,False
0,216,254,0,True,False,False
0,254,216,0,True,False,False
0,3,254,0,True,False,False
0,254,3,0,True,False,False
0,101,254,0,True,False,False
0,254,101,0,True,False,False
0,235,254,0,True,False,False
0,254,235,0,True,False,False
0,2,254,0,True,False,False
0,254,2,0,True,False,False
0,207,254,0,True,False,False
0,254,207,0,True,False,False
0,27,254,0,True,False,False
0,254,27,0,True,False,False
0,122,254,0,True,False,False
0,254,122,0,True,False,False
0,28,254,0,True,False,False
0,254,28,0,True,False,False
0,114,254,0,True,False,False
0,254,114,0,True,False,False
0,231,254,0,True,False,False
0,254,231,0,True,False,False
0,105,254,0,True,False,False
0,254,105,0,True,False,False
0,282,254,0,True,False,False
0,254,282,0,True,False,False
0,224,254,0,True,False,False
0,254,224,0,True,False,False
0,89,254,0,True,False,False
0,254,89,0,True,False,False
0,168,109,0,True,False,False
0,109,168,0,True,False,False
0,100,109,0,True,False,False
0,109,100,0,True,False,False
0,50,109,0,True,False,False
0,109,50,0,True,False,False
0,274,109,0,True,False,False
0,109,274,0,True,False,False
0,201,109,0,True,False,False
0,109,201,0,True,False,False
0,302,109,0,True,False,False
0,109,302,0,True,False,False
0,10,109,0,True,False,False
0,109,10,0,True,False,False
0,178,109,0,True,False,False
0,109,178,0,True,False,False
0,301,109,0,True,False,False
0,109,301,0,True,False,False
0,191,109,0,True,False,False
0,109,191,0,True,False,False
0,14,109,0,True,False,False
0,109,14,0,True,False,False
0,238,109,0,True,False,False
0,109,238,0,True,False,False
0,199,109,0,True,False,False
0,109,199,0,True,False,False
0,58,109,0,True,False,False
0,109,58,0,True,False,False
0,139,109,0,True,False,False
0,109,139,0,True,False,False
0,92,109,0,True,False,False
0,109,92,0,True,False,False
0,247,109,0,True,False,False
0,109,247,0,True,False,False
0,143,109,0,True,False,False
0,109,143,0,True,False,False
0,251,109,0,True,False,False
0,109,251,0,True,False,False
0,309,109,0,True,False,False
0,109,309,0,True,False,False
0,133,109,0,True,False,False
0,109,133,0,True,False,False
0,87,109,0,True,False,False
0,109,87,0,True,False,False
0,270,109,0,True,False,False
0,109,270,0,True,False,False
0,144,109,0,True,False,False
0,109,144,0,True,False,False
0,115,109,0,True,False,False
0,109,115,0,True,False,False
0,220,109,0,True,False,False
0,109,220,0,True,False,False
0,179,109,0,True,False,False
0,109,179,0,True,False,False
0,97,109,0,True,False,False
0,109,97,0,True,False,False
0,237,109,0,True,False,False
0,109,237,0,True,False,False
0,121,109,0,True,False,False
0,109,121,0,True,False,False
0,51,109,0,True,False,False
0,109,51,0,True,False,False
0,109,69,0,True,False,False
0,69,109,0,True,False,False
0,90,109,0,True,False,False
0,109,90,0,True,False,False
0,79,73,0,True,False,False
0,73,79,0,True,False,False
0,142,73,0,True,False,False
0,73,142,0,True,False,False
0,265,73,0,True,False,False
0,73,265,0,True,False,False
0,84,73,0,True,False,False
0,73,84,0,True,False,False
0,255,73,0,True,False,False
0,73,255,0,True,False,False
0,80,73,0,True,False,False
0,73,80,0,True,False,False
0,129,73,0,True,False,False
0,73,129,0,True,False,False
0,294,73,0,True,False,False
0,73,294,0,True,False,False
0,157,73,0,True,False,False
0,73,157,0,True,False,False
0,44,73,0,True,False,False
0,73,44,0,True,False,False
0,74,73,0,True,False,False
0,73,74,0,True,False,False
0,198,73,0,True,False,False
0,73,198,0,True,False,False
0,82,73,0,True,False,False
0,73,82,0,True,False,False
0,60,73,0,True,False,False
0,73,60,0,True,False,False
0,148,73,0,True,False,False
0,73,148,0,True,False,False
0,163,73,0,True,False,False
0,73,163,0,True,False,False
0,170,73,0,True,False,False
0,73,170,0,True,False,False
0,94,73,0,True,False,False
0,73,94,0,True,False,False
0,284,73,0,True,False,False
0,73,284,0,True,False,False
0,214,73,0,True,False,False
0,73,214,0,True,False,False
0,240,73,0,True,False,False
0,73,240,0,True,False,False
0,123,73,0,True,False,False
0,73,123,0,True,False,False
0,119,73,0,True,False,False
0,73,119,0,True,False,False
0,147,73,0,True,False,False
0,73,147,0,True,False,False
0,166,73,0,True,False,False
0,73,166,0,True,False,False
0,297,73,0,True,False,False
0,73,297,0,True,False,False
0,96,73,0,True,False,False
0,73,96,0,True,False,False
0,187,73,0,True,False,False
0,73,187,0,True,False,False
0,253,73,0,True,False,False
0,73,253,0,True,False,False
0,216,73,0,True,False,False
0,73,216,0,True,False,False
0,91,73,0,True,False,False
0,73,91,0,True,False,False
0,62,73,0,True,False,False
0,73,62,0,True,False,False
0,3,73,0,True,False,False
0,73,3,0,True,False,False
0,190,73,0,True,False,False
0,73,190,0,True,False,False
0,204,73,0,True,False,False
0,73,204,0,True,False,False
0,132,73,0,True,False,False
0,73,132,0,True,False,False
0,34,73,0,True,False,False
0,73,34,0,True,False,False
0,43,73,0,True,False,False
0,73,43,0,True,False,False
0,27,73,0,True,False,False
0,73,27,0,True,False,False
0,248,73,0,True,False,False
0,73,248,0,True,False,False
0,57,73,0,True,False,False
0,73,57,0,True,False,False
0,67,73,0,True,False,False
0,73,67,0,True,False,False
0,230,73,0,True,False,False
0,73,230,0,True,False,False
0,241,73,0,True,False,False
0,73,241,0,True,False,False
0,137,73,0,True,False,False
0,73,137,0,True,False,False
0,28,73,0,True,False,False
0,73,28,0,True,False,False
0,231,73,0,True,False,False
0,73,231,0,True,False,False
0,224,73,0,True,False,False
0,73,224,0,True,False,False
0,168,69,0,True,False,False
0,69,168,0,True,False,False
0,50,69,0,True,False,False
0,69,50,0,True,False,False
0,274,69,0,True,False,False
0,69,274,0,True,False,False
0,302,69,0,True,False,False
0,69,302,0,True,False,False
0,10,69,0,True,False,False
0,69,10,0,True,False,False
0,14,69,0,True,False,False
0,69,14,0,True,False,False
0,199,69,0,True,False,False
0,69,199,0,True,False,False
0,139,69,0,True,False,False
0,69,139,0,True,False,False
0,247,69,0,True,False,False
0,69,247,0,True,False,False
0,143,69,0,True,False,False
0,69,143,0,True,False,False
0,251,69,0,True,False,False
0,69,251,0,True,False,False
0,133,69,0,True,False,False
0,69,133,0,True,False,False
0,179,69,0,True,False,False
0,69,179,0,True,False,False
0,237,69,0,True,False,False
0,69,237,0,True,False,False
0,121,69,0,True,False,False
0,69,121,0,True,False,False
0,51,69,0,True,False,False
0,69,51,0,True,False,False
0,208,52,0,True,False,False
0,52,208,0,True,False,False
0,52,239,0,True,False,False
0,239,52,0,True,False,False
0,52,209,0,True,False,False
0,209,52,0,True,False,False
0,276,208,0,True,False,False
0,208,276,0,True,False,False
0,208,209,0,True,False,False
0,209,208,0,True,False,False
0,171,208,0,True,False,False
0,208,171,0,True,False,False
0,36,208,0,True,False,False
0,208,36,0,True,False,False
0,271,208,0,True,False,False
0,208,271,0,True,False,False
0,286,209,0,True,False,False
0,209,286,0,True,False,False
0,239,83,0,True,False,False
0,83,239,0,True,False,False
0,239,209,0,True,False,False
0,209,239,0,True,False,False
0,83,209,0,True,False,False
0,209,83,0,True,False,False
0,126,56,0,True,False,False
0,56,126,0,True,False,False
0,186,126,0,True,False,False
0,126,186,0,True,False,False
0,252,126,0,True,False,False
0,126,252,0,True,False,False
0,126,180,0,True,False,False
0,180,126,0,True,False,False
0,126,307,0,True,False,False
0,307,126,0,True,False,False
0,126,71,0,True,False,False
0,71,126,0,True,False,False
0,259,126,0,True,False,False
0,126,259,0,True,False,False
0,126,138,0,True,False,False
0,138,126,0,True,False,False
0,126,12,0,True,False,False
0,12,126,0,True,False,False
0,126,111,0,True,False,False
0,111,126,0,True,False,False
0,126,188,0,True,False,False
0,188,126,0,True,False,False
0,138,56,0,True,False,False
0,56,138,0,True,False,False
0,252,138,0,True,False,False
0,138,252,0,True,False,False
0,138,180,0,True,False,False
0,180,138,0,True,False,False
0,138,268,0,True,False,False
0,268,138,0,True,False,False
0,259,138,0,True,False,False
0,138,259,0,True,False,False
0,138,12,0,True,False,False
0,12,138,0,True,False,False
0,138,111,0,True,False,False
0,111,138,0,True,False,False
0,77,40,0,True,False,False
0,40,77,0,True,False,False
0,40,30,0,True,False,False
0,30,40,0,True,False,False
0,40,307,0,True,False,False
0,307,40,0,True,False,False
0,40,63,0,True,False,False
0,63,40,0,True,False,False
0,40,209,0,True,False,False
0,209,40,0,True,False,False
0,40,174,0,True,False,False
0,174,40,0,True,False,False
0,303,40,0,True,False,False
0,40,303,0,True,False,False
0,54,40,0,True,False,False
0,40,54,0,True,False,False
0,160,181,0,True,False,False
0,181,160,0,True,False,False
0,181,130,0,True,False,False
0,130,181,0,True,False,False
0,181,287,0,True,False,False
0,287,181,0,True,False,False
0,181,278,0,True,False,False
0,278,181,0,True,False,False
0,181,30,0,True,False,False
0,30,181,0,True,False,False
0,256,181,0,True,False,False
0,181,256,0,True,False,False
0,181,174,0,True,False,False
0,174,181,0,True,False,False
0,181,72,0,True,False,False
0,72,181,0,True,False,False
0,303,181,0,True,False,False
0,181,303,0,True,False,False
0,181,275,0,True,False,False
0,275,181,0,True,False,False
0,186,256,0,True,False,False
0,256,186,0,True,False,False
0,160,256,0,True,False,False
0,256,160,0,True,False,False
0,256,130,0,True,False,False
0,130,256,0,True,False,False
0,256,30,0,True,False,False
0,30,256,0,True,False,False
0,256,307,0,True,False,False
0,307,256,0,True,False,False
0,185,256,0,True,False,False
0,256,185,0,True,False,False
0,158,256,0,True,False,False
0,256,158,0,True,False,False
0,256,22,0,True,False,False
0,22,256,0,True,False,False
0,256,174,0,True,False,False
0,174,256,0,True,False,False
0,256,222,0,True,False,False
0,222,256,0,True,False,False
0,225,300,0,True,False,False
0,300,225,0,True,False,False
0,225,229,0,True,False,False
0,229,225,0,True,False,False
0,225,141,0,True,False,False
0,141,225,0,True,False,False
0,225,206,0,True,False,False
0,206,225,0,True,False,False
0,48,300,0,True,False,False
0,300,48,0,True,False,False
0,78,48,0,True,False,False
0,48,78,0,True,False,False
0,48,243,0,True,False,False
0,243,48,0,True,False,False
0,229,48,0,True,False,False
0,48,229,0,True,False,False
0,48,167,0,True,False,False
0,167,48,0,True,False,False
0,141,48,0,True,False,False
0,48,141,0,True,False,False
0,206,300,0,True,False,False
0,300,206,0,True,False,False
0,206,229,0,True,False,False
0,229,206,0,True,False,False
0,206,141,0,True,False,False
0,141,206,0,True,False,False
0,141,300,0,True,False,False
0,300,141,0,True,False,False
0,141,78,0,True,False,False
0,78,141,0,True,False,False
0,141,229,0,True,False,False
0,229,141,0,True,False,False
0,243,300,0,True,False,False
0,300,243,0,True,False,False
0,78,243,0,True,False,False
0,243,78,0,True,False,False
0,243,276,0,True,False,False
0,276,243,0,True,False,False
0,243,209,0,True,False,False
0,209,243,0,True,False,False
0,167,243,0,True,False,False
0,243,167,0,True,False,False
0,243,271,0,True,False,False
0,271,243,0,True,False,False
0,167,300,0,True,False,False
0,300,167,0,True,False,False
0,78,167,0,True,False,False
0,167,78,0,True,False,False
0,167,59,0,True,False,False
0,59,167,0,True,False,False
0,167,276,0,True,False,False
0,276,167,0,True,False,False
0,167,209,0,True,False,False
0,209,167,0,True,False,False
0,167,271,0,True,False,False
0,271,167,0,True,False,False
0,229,300,0,True,False,False
0,300,229,0,True,False,False
0,229,78,0,True,False,False
0,78,229,0,True,False,False
0,78,300,0,True,False,False
0,300,78,0,True,False,False
0,59,36,0,True,False,False
0,36,59,0,True,False,False
0,276,36,0,True,False,False
0,36,276,0,True,False,False
0,36,171,0,True,False,False
0,171,36,0,True,False,False
0,36,108,0,True,False,False
0,108,36,0,True,False,False
0,271,36,0,True,False,False
0,36,271,0,True,False,False
0,271,300,0,True,False,False
0,300,271,0,True,False,False
0,271,59,0,True,False,False
0,59,271,0,True,False,False
0,271,276,0,True,False,False
0,276,271,0,True,False,False
0,271,209,0,True,False,False
0,209,271,0,True,False,False
0,271,171,0,True,False,False
0,171,271,0,True,False,False
0,271,108,0,True,False,False
0,108,271,0,True,False,False
0,59,108,0,True,False,False
0,108,59,0,True,False,False
0,108,233,0,True,False,False
0,233,108,0,True,False,False
0,108,113,0,True,False,False
0,113,108,0,True,False,False
0,59,233,0,True,False,False
0,233,59,0,True,False,False
0,233,266,0,True,False,False
0,266,233,0,True,False,False
0,233,19,0,True,False,False
0,19,233,0,True,False,False
0,233,113,0,True,False,False
0,113,233,0,True,False,False
0,276,171,0,True,False,False
0,171,276,0,True,False,False
0,59,113,0,True,False,False
0,113,59,0,True,False,False
0,276,300,0,True,False,False
0,300,276,0,True,False,False
0,276,209,0,True,False,False
0,209,276,0,True,False,False
0,266,232,0,True,False,False
0,232,266,0,True,False,False
0,266,120,0,True,False,False
0,120,266,0,True,False,False
0,19,266,0,True,False,False
0,266,19,0,True,False,False
0,113,266,0,True,False,False
0,266,113,0,True,False,False
0,120,232,0,True,False,False
0,232,120,0,True,False,False
0,19,232,0,True,False,False
0,232,19,0,True,False,False
0,31,56,0,True,False,False
0,56,31,0,True,False,False
0,31,104,0,True,False,False
0,104,31,0,True,False,False
0,31,289,0,True,False,False
0,289,31,0,True,False,False
0,31,180,0,True,False,False
0,180,31,0,True,False,False
0,31,307,0,True,False,False
0,307,31,0,True,False,False
0,31,185,0,True,False,False
0,185,31,0,True,False,False
0,31,158,0,True,False,False
0,158,31,0,True,False,False
0,31,24,0,True,False,False
0,24,31,0,True,False,False
0,31,136,0,True,False,False
0,136,31,0,True,False,False
0,31,54,0,True,False,False
0,54,31,0,True,False,False
0,31,227,0,True,False,False
0,227,31,0,True,False,False
0,113,19,0,True,False,False
0,19,113,0,True,False,False
0,19,120,0,True,False,False
0,120,19,0,True,False,False
0,24,56,0,True,False,False
0,56,24,0,True,False,False
0,289,24,0,True,False,False
0,24,289,0,True,False,False
0,24,180,0,True,False,False
0,180,24,0,True,False,False
0,24,268,0,True,False,False
0,268,24,0,True,False,False
0,24,182,0,True,False,False
0,182,24,0,True,False,False
0,136,24,0,True,False,False
0,24,136,0,True,False,False
0,24,258,0,True,False,False
0,258,24,0,True,False,False
0,227,56,0,True,False,False
0,56,227,0,True,False,False
0,104,227,0,True,False,False
0,227,104,0,True,False,False
0,227,252,0,True,False,False
0,252,227,0,True,False,False
0,227,180,0,True,False,False
0,180,227,0,True,False,False
0,227,268,0,True,False,False
0,268,227,0,True,False,False
0,227,259,0,True,False,False
0,259,227,0,True,False,False
0,136,227,0,True,False,False
0,227,136,0,True,False,False
0,185,104,0,True,False,False
0,104,185,0,True,False,False
0,185,160,0,True,False,False
0,160,185,0,True,False,False
0,289,185,0,True,False,False
0,185,289,0,True,False,False
0,185,180,0,True,False,False
0,180,185,0,True,False,False
0,185,307,0,True,False,False
0,307,185,0,True,False,False
0,185,158,0,True,False,False
0,158,185,0,True,False,False
0,185,174,0,True,False,False
0,174,185,0,True,False,False
0,185,303,0,True,False,False
0,303,185,0,True,False,False
0,185,54,0,True,False,False
0,54,185,0,True,False,False
0,136,56,0,True,False,False
0,56,136,0,True,False,False
0,136,104,0,True,False,False
0,104,136,0,True,False,False
0,136,289,0,True,False,False
0,289,136,0,True,False,False
0,136,180,0,True,False,False
0,180,136,0,True,False,False
0,136,268,0,True,False,False
0,268,136,0,True,False,False
0,104,56,0,True,False,False
0,56,104,0,True,False,False
0,104,186,0,True,False,False
0,186,104,0,True,False,False
0,104,252,0,True,False,False
0,252,104,0,True,False,False
0,104,180,0,True,False,False
0,180,104,0,True,False,False
0,104,307,0,True,False,False
0,307,104,0,True,False,False
0,104,158,0,True,False,False
0,158,104,0,True,False,False
0,104,259,0,True,False,False
0,259,104,0,True,False,False
0,289,56,0,True,False,False
0,56,289,0,True,False,False
0,289,77,0,True,False,False
0,77,289,0,True,False,False
0,289,180,0,True,False,False
0,180,289,0,True,False,False
0,289,307,0,True,False,False
0,307,289,0,True,False,False
0,289,182,0,True,False,False
0,182,289,0,True,False,False
0,289,54,0,True,False,False
0,54,289,0,True,False,False
0,289,258,0,True,False,False
0,258,289,0,True,False,False
0,54,77,0,True,False,False
0,77,54,0,True,False,False
0,54,160,0,True,False,False
0,160,54,0,True,False,False
0,54,180,0,True,False,False
0,180,54,0,True,False,False
0,54,307,0,True,False,False
0,307,54,0,True,False,False
0,54,182,0,True,False,False
0,182,54,0,True,False,False
0,54,174,0,True,False,False
0,174,54,0,True,False,False
0,54,303,0,True,False,False
0,303,54,0,True,False,False
0,182,56,0,True,False,False
0,56,182,0,True,False,False
0,182,77,0,True,False,False
0,77,182,0,True,False,False
0,182,180,0,True,False,False
0,180,182,0,True,False,False
0,182,307,0,True,False,False
0,307,182,0,True,False,False
0,182,209,0,True,False,False
0,209,182,0,True,False,False
0,182,258,0,True,False,False
0,258,182,0,True,False,False
0,252,56,0,True,False,False
0,56,252,0,True,False,False
0,252,186,0,True,False,False
0,186,252,0,True,False,False
0,252,180,0,True,False,False
0,180,252,0,True,False,False
0,252,307,0,True,False,False
0,307,252,0,True,False,False
0,158,252,0,True,False,False
0,252,158,0,True,False,False
0,252,259,0,True,False,False
0,259,252,0,True,False,False
0,252,188,0,True,False,False
0,188,252,0,True,False,False
0,158,186,0,True,False,False
0,186,158,0,True,False,False
0,158,160,0,True,False,False
0,160,158,0,True,False,False
0,158,180,0,True,False,False
0,180,158,0,True,False,False
0,158,307,0,True,False,False
0,307,158,0,True,False,False
0,158,22,0,True,False,False
0,22,158,0,True,False,False
0,158,174,0,True,False,False
0,174,158,0,True,False,False
0,160,130,0,True,False,False
0,130,160,0,True,False,False
0,160,30,0,True,False,False
0,30,160,0,True,False,False
0,160,307,0,True,False,False
0,307,160,0,True,False,False
0,160,174,0,True,False,False
0,174,160,0,True,False,False
0,160,303,0,True,False,False
0,303,160,0,True,False,False
0,258,56,0,True,False,False
0,56,258,0,True,False,False
0,258,180,0,True,False,False
0,180,258,0,True,False,False
0,258,268,0,True,False,False
0,268,258,0,True,False,False
0,258,209,0,True,False,False
0,209,258,0,True,False,False
0,186,180,0,True,False,False
0,180,186,0,True,False,False
0,186,307,0,True,False,False
0,307,186,0,True,False,False
0,186,249,0,True,False,False
0,249,186,0,True,False,False
0,186,22,0,True,False,False
0,22,186,0,True,False,False
0,186,174,0,True,False,False
0,174,186,0,True,False,False
0,186,188,0,True,False,False
0,188,186,0,True,False,False
0,259,56,0,True,False,False
0,56,259,0,True,False,False
0,259,180,0,True,False,False
0,180,259,0,True,False,False
0,259,268,0,True,False,False
0,268,259,0,True,False,False
0,77,180,0,True,False,False
0,180,77,0,True,False,False
0,77,307,0,True,False,False
0,307,77,0,True,False,False
0,77,209,0,True,False,False
0,209,77,0,True,False,False
0,77,174,0,True,False,False
0,174,77,0,True,False,False
0,77,303,0,True,False,False
0,303,77,0,True,False,False
0,303,30,0,True,False,False
0,30,303,0,True,False,False
0,303,307,0,True,False,False
0,307,303,0,True,False,False
0,303,63,0,True,False,False
0,63,303,0,True,False,False
0,303,174,0,True,False,False
0,174,303,0,True,False,False
0,296,56,0,True,False,False
0,56,296,0,True,False,False
0,135,56,0,True,False,False
0,56,135,0,True,False,False
0,172,56,0,True,False,False
0,56,172,0,True,False,False
0,228,56,0,True,False,False
0,56,228,0,True,False,False
0,281,56,0,True,False,False
0,56,281,0,True,False,False
0,56,180,0,True,False,False
0,180,56,0,True,False,False
0,95,56,0,True,False,False
0,56,95,0,True,False,False
0,116,56,0,True,False,False
0,56,116,0,True,False,False
0,65,56,0,True,False,False
0,56,65,0,True,False,False
0,279,56,0,True,False,False
0,56,279,0,True,False,False
0,17,56,0,True,False,False
0,56,17,0,True,False,False
0,268,56,0,True,False,False
0,56,268,0,True,False,False
0,1,56,0,True,False,False
0,56,1,0,True,False,False
0,45,56,0,True,False,False
0,56,45,0,True,False,False
0,33,56,0,True,False,False
0,56,33,0,True,False,False
0,209,56,0,True,False,False
0,56,209,0,True,False,False
0,12,56,0,True,False,False
0,56,12,0,True,False,False
0,111,56,0,True,False,False
0,56,111,0,True,False,False
0,212,56,0,True,False,False
0,56,212,0,True,False,False
0,267,56,0,True,False,False
0,56,267,0,True,False,False
0,288,56,0,True,False,False
0,56,288,0,True,False,False
0,223,56,0,True,False,False
0,56,223,0,True,False,False
0,127,56,0,True,False,False
0,56,127,0,True,False,False
0,172,268,0,True,False,False
0,268,172,0,True,False,False
0,281,268,0,True,False,False
0,268,281,0,True,False,False
0,95,268,0,True,False,False
0,268,95,0,True,False,False
0,1,268,0,True,False,False
0,268,1,0,True,False,False
0,33,268,0,True,False,False
0,268,33,0,True,False,False
0,209,268,0,True,False,False
0,268,209,0,True,False,False
0,111,268,0,True,False,False
0,268,111,0,True,False,False
0,267,268,0,True,False,False
0,268,267,0,True,False,False
0,288,268,0,True,False,False
0,268,288,0,True,False,False
0,223,268,0,True,False,False
0,268,223,0,True,False,False
0,127,268,0,True,False,False
0,268,127,0,True,False,False
0,161,300,0,True,False,False
0,300,161,0,True,False,False
0,260,300,0,True,False,False
0,300,260,0,True,False,False
0,8,300,0,True,False,False
0,300,8,0,True,False,False
0,287,300,0,True,False,False
0,300,287,0,True,False,False
0,300,278,0,True,False,False
0,278,300,0,True,False,False
0,257,300,0,True,False,False
0,300,257,0,True,False,False
0,283,300,0,True,False,False
0,300,283,0,True,False,False
0,149,300,0,True,False,False
0,300,149,0,True,False,False
0,66,300,0,True,False,False
0,300,66,0,True,False,False
0,209,300,0,True,False,False
0,300,209,0,True,False,False
0,72,300,0,True,False,False
0,300,72,0,True,False,False
0,39,300,0,True,False,False
0,300,39,0,True,False,False
0,194,300,0,True,False,False
0,300,194,0,True,False,False
0,280,300,0,True,False,False
0,300,280,0,True,False,False
0,177,300,0,True,False,False
0,300,177,0,True,False,False
0,275,300,0,True,False,False
0,300,275,0,True,False,False
0,86,300,0,True,False,False
0,300,86,0,True,False,False
0,16,300,0,True,False,False
0,300,16,0,True,False,False
0,296,180,0,True,False,False
0,180,296,0,True,False,False
0,135,180,0,True,False,False
0,180,135,0,True,False,False
0,172,180,0,True,False,False
0,180,172,0,True,False,False
0,228,180,0,True,False,False
0,180,228,0,True,False,False
0,281,180,0,True,False,False
0,180,281,0,True,False,False
0,95,180,0,True,False,False
0,180,95,0,True,False,False
0,116,180,0,True,False,False
0,180,116,0,True,False,False
0,65,180,0,True,False,False
0,180,65,0,True,False,False
0,180,307,0,True,False,False
0,307,180,0,True,False,False
0,279,180,0,True,False,False
0,180,279,0,True,False,False
0,298,180,0,True,False,False
0,180,298,0,True,False,False
0,17,180,0,True,False,False
0,180,17,0,True,False,False
0,11,180,0,True,False,False
0,180,11,0,True,False,False
0,145,180,0,True,False,False
0,180,145,0,True,False,False
0,71,180,0,True,False,False
0,180,71,0,True,False,False
0,169,180,0,True,False,False
0,180,169,0,True,False,False
0,1,180,0,True,False,False
0,180,1,0,True,False,False
0,45,180,0,True,False,False
0,180,45,0,True,False,False
0,25,180,0,True,False,False
0,180,25,0,True,False,False
0,33,180,0,True,False,False
0,180,33,0,True,False,False
0,209,180,0,True,False,False
0,180,209,0,True,False,False
0,12,180,0,True,False,False
0,180,12,0,True,False,False
0,295,180,0,True,False,False
0,180,295,0,True,False,False
0,261,180,0,True,False,False
0,180,261,0,True,False,False
0,111,180,0,True,False,False
0,180,111,0,True,False,False
0,212,180,0,True,False,False
0,180,212,0,True,False,False
0,267,180,0,True,False,False
0,180,267,0,True,False,False
0,188,180,0,True,False,False
0,180,188,0,True,False,False
0,106,180,0,True,False,False
0,180,106,0,True,False,False
0,288,180,0,True,False,False
0,180,288,0,True,False,False
0,124,180,0,True,False,False
0,180,124,0,True,False,False
0,223,180,0,True,False,False
0,180,223,0,True,False,False
0,127,180,0,True,False,False
0,180,127,0,True,False,False
0,296,307,0,True,False,False
0,307,296,0,True,False,False
0,135,307,0,True,False,False
0,307,135,0,True,False,False
0,246,307,0,True,False,False
0,307,246,0,True,False,False
0,165,307,0,True,False,False
0,307,165,0,True,False,False
0,228,307,0,True,False,False
0,307,228,0,True,False,False
0,291,307,0,True,False,False
0,307,291,0,True,False,False
0,308,307,0,True,False,False
0,307,308,0,True,False,False
0,116,307,0,True,False,False
0,307,116,0,True,False,False
0,221,307,0,True,False,False
0,307,221,0,True,False,False
0,65,307,0,True,False,False
0,307,65,0,True,False,False
0,279,307,0,True,False,False
0,307,279,0,True,False,False
0,298,307,0,True,False,False
0,307,298,0,True,False,False
0,249,307,0,True,False,False
0,307,249,0,True,False,False
0,17,307,0,True,False,False
0,307,17,0,True,False,False
0,11,307,0,True,False,False
0,307,11,0,True,False,False
0,202,307,0,True,False,False
0,307,202,0,True,False,False
0,145,307,0,True,False,False
0,307,145,0,True,False,False
0,71,307,0,True,False,False
0,307,71,0,True,False,False
0,169,307,0,True,False,False
0,307,169,0,True,False,False
0,22,307,0,True,False,False
0,307,22,0,True,False,False
0,45,307,0,True,False,False
0,307,45,0,True,False,False
0,25,307,0,True,False,False
0,307,25,0,True,False,False
0,277,307,0,True,False,False
0,307,277,0,True,False,False
0,209,307,0,True,False,False
0,307,209,0,True,False,False
0,307,174,0,True,False,False
0,174,307,0,True,False,False
0,23,307,0,True,False,False
0,307,23,0,True,False,False
0,12,307,0,True,False,False
0,307,12,0,True,False,False
0,295,307,0,True,False,False
0,307,295,0,True,False,False
0,261,307,0,True,False,False
0,307,261,0,True,False,False
0,212,307,0,True,False,False
0,307,212,0,True,False,False
0,188,307,0,True,False,False
0,307,188,0,True,False,False
0,106,307,0,True,False,False
0,307,106,0,True,False,False
0,124,307,0,True,False,False
0,307,124,0,True,False,False
0,262,307,0,True,False,False
0,307,262,0,True,False,False
0,112,307,0,True,False,False
0,307,112,0,True,False,False
0,130,174,0,True,False,False
0,174,130,0,True,False,False
0,246,174,0,True,False,False
0,174,246,0,True,False,False
0,55,174,0,True,False,False
0,174,55,0,True,False,False
0,165,174,0,True,False,False
0,174,165,0,True,False,False
0,291,174,0,True,False,False
0,174,291,0,True,False,False
0,308,174,0,True,False,False
0,174,308,0,True,False,False
0,221,174,0,True,False,False
0,174,221,0,True,False,False
0,174,30,0,True,False,False
0,30,174,0,True,False,False
0,298,174,0,True,False,False
0,174,298,0,True,False,False
0,140,174,0,True,False,False
0,174,140,0,True,False,False
0,249,174,0,True,False,False
0,174,249,0,True,False,False
0,11,174,0,True,False,False
0,174,11,0,True,False,False
0,202,174,0,True,False,False
0,174,202,0,True,False,False
0,145,174,0,True,False,False
0,174,145,0,True,False,False
0,183,174,0,True,False,False
0,174,183,0,True,False,False
0,71,174,0,True,False,False
0,174,71,0,True,False,False
0,169,174,0,True,False,False
0,174,169,0,True,False,False
0,22,174,0,True,False,False
0,174,22,0,True,False,False
0,63,174,0,True,False,False
0,174,63,0,True,False,False
0,25,174,0,True,False,False
0,174,25,0,True,False,False
0,277,174,0,True,False,False
0,174,277,0,True,False,False
0,192,174,0,True,False,False
0,174,192,0,True,False,False
0,209,174,0,True,False,False
0,174,209,0,True,False,False
0,23,174,0,True,False,False
0,174,23,0,True,False,False
0,195,174,0,True,False,False
0,174,195,0,True,False,False
0,154,174,0,True,False,False
0,174,154,0,True,False,False
0,295,174,0,True,False,False
0,174,295,0,True,False,False
0,261,174,0,True,False,False
0,174,261,0,True,False,False
0,242,174,0,True,False,False
0,174,242,0,True,False,False
0,272,174,0,True,False,False
0,174,272,0,True,False,False
0,150,174,0,True,False,False
0,174,150,0,True,False,False
0,188,174,0,True,False,False
0,174,188,0,True,False,False
0,222,174,0,True,False,False
0,174,222,0,True,False,False
0,106,174,0,True,False,False
0,174,106,0,True,False,False
0,264,174,0,True,False,False
0,174,264,0,True,False,False
0,124,174,0,True,False,False
0,174,124,0,True,False,False
0,262,174,0,True,False,False
0,174,262,0,True,False,False
0,112,174,0,True,False,False
0,174,112,0,True,False,False
0,38,174,0,True,False,False
0,174,38,0,True,False,False
0,8,209,0,True,False,False
0,209,8,0,True,False,False
0,165,209,0,True,False,False
0,209,165,0,True,False,False
0,209,278,0,True,False,False
0,278,209,0,True,False,False
0,116,209,0,True,False,False
0,209,116,0,True,False,False
0,209,30,0,True,False,False
0,30,209,0,True,False,False
0,145,209,0,True,False,False
0,209,145,0,True,False,False
0,63,209,0,True,False,False
0,209,63,0,True,False,False
0,86,209,0,True,False,False
0,209,86,0,True,False,False
0,242,209,0,True,False,False
0,209,242,0,True,False,False
0,267,209,0,True,False,False
0,209,267,0,True,False,False
0,130,30,0,True,False,False
0,30,130,0,True,False,False
0,246,30,0,True,False,False
0,30,246,0,True,False,False
0,161,30,0,True,False,False
0,30,161,0,True,False,False
0,260,30,0,True,False,False
0,30,260,0,True,False,False
0,8,30,0,True,False,False
0,30,8,0,True,False,False
0,287,30,0,True,False,False
0,30,287,0,True,False,False
0,55,30,0,True,False,False
0,30,55,0,True,False,False
0,165,30,0,True,False,False
0,30,165,0,True,False,False
0,30,278,0,True,False,False
0,278,30,0,True,False,False
0,291,30,0,True,False,False
0,30,291,0,True,False,False
0,308,30,0,True,False,False
0,30,308,0,True,False,False
0,221,30,0,True,False,False
0,30,221,0,True,False,False
0,257,30,0,True,False,False
0,30,257,0,True,False,False
0,283,30,0,True,False,False
0,30,283,0,True,False,False
0,140,30,0,True,False,False
0,30,140,0,True,False,False
0,249,30,0,True,False,False
0,30,249,0,True,False,False
0,202,30,0,True,False,False
0,30,202,0,True,False,False
0,183,30,0,True,False,False
0,30,183,0,True,False,False
0,149,30,0,True,False,False
0,30,149,0,True,False,False
0,66,30,0,True,False,False
0,30,66,0,True,False,False
0,22,30,0,True,False,False
0,30,22,0,True,False,False
0,63,30,0,True,False,False
0,30,63,0,True,False,False
0,277,30,0,True,False,False
0,30,277,0,True,False,False
0,192,30,0,True,False,False
0,30,192,0,True,False,False
0,72,30,0,True,False,False
0,30,72,0,True,False,False
0,23,30,0,True,False,False
0,30,23,0,True,False,False
0,195,30,0,True,False,False
0,30,195,0,True,False,False
0,39,30,0,True,False,False
0,30,39,0,True,False,False
0,194,30,0,True,False,False
0,30,194,0,True,False,False
0,280,30,0,True,False,False
0,30,280,0,True,False,False
0,154,30,0,True,False,False
0,30,154,0,True,False,False
0,177,30,0,True,False,False
0,30,177,0,True,False,False
0,275,30,0,True,False,False
0,30,275,0,True,False,False
0,86,30,0,True,False,False
0,30,86,0,True,False,False
0,242,30,0,True,False,False
0,30,242,0,True,False,False
0,272,30,0,True,False,False
0,30,272,0,True,False,False
0,150,30,0,True,False,False
0,30,150,0,True,False,False
0,222,30,0,True,False,False
0,30,222,0,True,False,False
0,16,30,0,True,False,False
0,30,16,0,True,False,False
0,264,30,0,True,False,False
0,30,264,0,True,False,False
0,262,30,0,True,False,False
0,30,262,0,True,False,False
0,112,30,0,True,False,False
0,30,112,0,True,False,False
0,38,30,0,True,False,False
0,30,38,0,True,False,False
0,130,278,0,True,False,False
0,278,130,0,True,False,False
0,161,278,0,True,False,False
0,278,161,0,True,False,False
0,260,278,0,True,False,False
0,278,260,0,True,False,False
0,8,278,0,True,False,False
0,278,8,0,True,False,False
0,287,278,0,True,False,False
0,278,287,0,True,False,False
0,55,278,0,True,False,False
0,278,55,0,True,False,False
0,257,278,0,True,False,False
0,278,257,0,True,False,False
0,283,278,0,True,False,False
0,278,283,0,True,False,False
0,140,278,0,True,False,False
0,278,140,0,True,False,False
0,183,278,0,True,False,False
0,278,183,0,True,False,False
0,149,278,0,True,False,False
0,278,149,0,True,False,False
0,66,278,0,True,False,False
0,278,66,0,True,False,False
0,63,278,0,True,False,False
0,278,63,0,True,False,False
0,192,278,0,True,False,False
0,278,192,0,True,False,False
0,72,278,0,True,False,False
0,278,72,0,True,False,False
0,195,278,0,True,False,False
0,278,195,0,True,False,False
0,39,278,0,True,False,False
0,278,39,0,True,False,False
0,194,278,0,True,False,False
0,278,194,0,True,False,False
0,280,278,0,True,False,False
0,278,280,0,True,False,False
0,154,278,0,True,False,False
0,278,154,0,True,False,False
0,177,278,0,True,False,False
0,278,177,0,True,False,False
0,275,278,0,True,False,False
0,278,275,0,True,False,False
0,86,278,0,True,False,False
0,278,86,0,True,False,False
0,242,278,0,True,False,False
0,278,242,0,True,False,False
0,272,278,0,True,False,False
0,278,272,0,True,False,False
0,150,278,0,True,False,False
0,278,150,0,True,False,False
0,222,278,0,True,False,False
0,278,222,0,True,False,False
0,16,278,0,True,False,False
0,278,16,0,True,False,False
0,264,278,0,True,False,False
0,278,264,0,True,False,False
0,38,278,0,True,False,False
0,278,38,0,True,False,False
0,111,65,0,True,False,False
0,65,111,0,True,False,False
0,12,111,0,True,False,False
0,111,12,0,True,False,False
0,111,127,0,True,False,False
0,127,111,0,True,False,False
0,130,72,0,True,False,False
0,72,130,0,True,False,False
0,72,287,0,True,False,False
0,287,72,0,True,False,False
0,72,275,0,True,False,False
0,275,72,0,True,False,False
0,22,130,0,True,False,False
0,130,22,0,True,False,False
0,22,55,0,True,False,False
0,55,22,0,True,False,False
0,22,249,0,True,False,False
0,249,22,0,True,False,False
0,22,188,0,True,False,False
0,188,22,0,True,False,False
0,22,222,0,True,False,False
0,222,22,0,True,False,False
0,188,249,0,True,False,False
0,249,188,0,True,False,False
0,188,202,0,True,False,False
0,202,188,0,True,False,False
0,188,71,0,True,False,False
0,71,188,0,True,False,False
0,188,12,0,True,False,False
0,12,188,0,True,False,False
0,130,39,0,True,False,False
0,39,130,0,True,False,False
0,130,275,0,True,False,False
0,275,130,0,True,False,False
0,130,222,0,True,False,False
0,222,130,0,True,False,False
0,12,65,0,True,False,False
0,65,12,0,True,False,False
0,12,71,0,True,False,False
0,71,12,0,True,False,False
0,12,106,0,True,False,False
0,106,12,0,True,False,False
0,12,127,0,True,False,False
0,127,12,0,True,False,False
0,71,65,0,True,False,False
0,65,71,0,True,False,False
0,249,71,0,True,False,False
0,71,249,0,True,False,False
0,71,202,0,True,False,False
0,202,71,0,True,False,False
0,71,277,0,True,False,False
0,277,71,0,True,False,False
0,71,106,0,True,False,False
0,106,71,0,True,False,False
0,222,55,0,True,False,False
0,55,222,0,True,False,False
0,222,249,0,True,False,False
0,249,222,0,True,False,False
0,222,39,0,True,False,False
0,39,222,0,True,False,False
0,222,194,0,True,False,False
0,194,222,0,True,False,False
0,222,275,0,True,False,False
0,275,222,0,True,False,False
0,249,55,0,True,False,False
0,55,249,0,True,False,False
0,249,202,0,True,False,False
0,202,249,0,True,False,False
0,249,272,0,True,False,False
0,272,249,0,True,False,False
0,63,287,0,True,False,False
0,287,63,0,True,False,False
0,287,86,0,True,False,False
0,86,287,0,True,False,False
0,63,86,0,True,False,False
0,86,63,0,True,False,False
0,39,55,0,True,False,False
0,55,39,0,True,False,False
0,39,194,0,True,False,False
0,194,39,0,True,False,False
0,275,39,0,True,False,False
0,39,275,0,True,False,False
0,55,202,0,True,False,False
0,202,55,0,True,False,False
0,55,194,0,True,False,False
0,194,55,0,True,False,False
0,55,272,0,True,False,False
0,272,55,0,True,False,False
0,55,16,0,True,False,False
0,16,55,0,True,False,False
0,65,106,0,True,False,False
0,106,65,0,True,False,False
0,65,127,0,True,False,False
0,127,65,0,True,False,False
0,16,183,0,True,False,False
0,183,16,0,True,False,False
0,194,16,0,True,False,False
0,16,194,0,True,False,False
0,16,280,0,True,False,False
0,280,16,0,True,False,False
0,272,16,0,True,False,False
0,16,272,0,True,False,False
0,202,272,0,True,False,False
0,272,202,0,True,False,False
0,272,183,0,True,False,False
0,183,272,0,True,False,False
0,272,277,0,True,False,False
0,277,272,0,True,False,False
0,194,272,0,True,False,False
0,272,194,0,True,False,False
0,272,280,0,True,False,False
0,280,272,0,True,False,False
0,202,277,0,True,False,False
0,277,202,0,True,False,False
0,277,183,0,True,False,False
0,183,277,0,True,False,False
0,106,277,0,True,False,False
0,277,106,0,True,False,False
0,202,183,0,True,False,False
0,183,202,0,True,False,False
0,202,106,0,True,False,False
0,106,202,0,True,False,False
0,296,295,0,True,False,False
0,295,296,0,True,False,False
0,295,246,0,True,False,False
0,246,295,0,True,False,False
0,295,221,0,True,False,False
0,221,295,0,True,False,False
0,295,17,0,True,False,False
0,17,295,0,True,False,False
0,295,11,0,True,False,False
0,11,295,0,True,False,False
0,295,169,0,True,False,False
0,169,295,0,True,False,False
0,45,295,0,True,False,False
0,295,45,0,True,False,False
0,295,112,0,True,False,False
0,112,295,0,True,False,False
0,45,296,0,True,False,False
0,296,45,0,True,False,False
0,45,95,0,True,False,False
0,95,45,0,True,False,False
0,45,17,0,True,False,False
0,17,45,0,True,False,False
0,45,11,0,True,False,False
0,11,45,0,True,False,False
0,45,169,0,True,False,False
0,169,45,0,True,False,False
0,45,1,0,True,False,False
0,1,45,0,True,False,False
0,45,288,0,True,False,False
0,288,45,0,True,False,False
0,183,280,0,True,False,False
0,280,183,0,True,False,False
0,296,135,0,True,False,False
0,135,296,0,True,False,False
0,296,172,0,True,False,False
0,172,296,0,True,False,False
0,296,169,0,True,False,False
0,169,296,0,True,False,False
0,296,1,0,True,False,False
0,1,296,0,True,False,False
0,296,261,0,True,False,False
0,261,296,0,True,False,False
0,296,288,0,True,False,False
0,288,296,0,True,False,False
0,11,165,0,True,False,False
0,165,11,0,True,False,False
0,11,116,0,True,False,False
0,116,11,0,True,False,False
0,11,221,0,True,False,False
0,221,11,0,True,False,False
0,17,11,0,True,False,False
0,11,17,0,True,False,False
0,11,145,0,True,False,False
0,145,11,0,True,False,False
0,11,112,0,True,False,False
0,112,11,0,True,False,False
0,112,246,0,True,False,False
0,246,112,0,True,False,False
0,112,221,0,True,False,False
0,221,112,0,True,False,False
0,112,140,0,True,False,False
0,140,112,0,True,False,False
0,169,112,0,True,False,False
0,112,169,0,True,False,False
0,112,154,0,True,False,False
0,154,112,0,True,False,False
0,112,150,0,True,False,False
0,150,112,0,True,False,False
0,17,95,0,True,False,False
0,95,17,0,True,False,False
0,17,116,0,True,False,False
0,116,17,0,True,False,False
0,17,145,0,True,False,False
0,145,17,0,True,False,False
0,17,1,0,True,False,False
0,1,17,0,True,False,False
0,17,267,0,True,False,False
0,267,17,0,True,False,False
0,1,95,0,True,False,False
0,95,1,0,True,False,False
0,1,288,0,True,False,False
0,288,1,0,True,False,False
0,135,172,0,True,False,False
0,172,135,0,True,False,False
0,135,228,0,True,False,False
0,228,135,0,True,False,False
0,135,281,0,True,False,False
0,281,135,0,True,False,False
0,169,135,0,True,False,False
0,135,169,0,True,False,False
0,135,25,0,True,False,False
0,25,135,0,True,False,False
0,135,261,0,True,False,False
0,261,135,0,True,False,False
0,288,135,0,True,False,False
0,135,288,0,True,False,False
0,169,246,0,True,False,False
0,246,169,0,True,False,False
0,169,23,0,True,False,False
0,23,169,0,True,False,False
0,169,261,0,True,False,False
0,261,169,0,True,False,False
0,288,172,0,True,False,False
0,172,288,0,True,False,False
0,246,23,0,True,False,False
0,23,246,0,True,False,False
0,246,154,0,True,False,False
0,154,246,0,True,False,False
0,261,246,0,True,False,False
0,246,261,0,True,False,False
0,246,150,0,True,False,False
0,150,246,0,True,False,False
0,246,264,0,True,False,False
0,264,246,0,True,False,False
0,95,116,0,True,False,False
0,116,95,0,True,False,False
0,116,145,0,True,False,False
0,145,116,0,True,False,False
0,116,267,0,True,False,False
0,267,116,0,True,False,False
0,172,228,0,True,False,False
0,228,172,0,True,False,False
0,172,281,0,True,False,False
0,281,172,0,True,False,False
0,95,267,0,True,False,False
0,267,95,0,True,False,False
0,261,228,0,True,False,False
0,228,261,0,True,False,False
0,261,25,0,True,False,False
0,25,261,0,True,False,False
0,261,23,0,True,False,False
0,23,261,0,True,False,False
0,261,262,0,True,False,False
0,262,261,0,True,False,False
0,221,154,0,True,False,False
0,154,221,0,True,False,False
0,154,257,0,True,False,False
0,257,154,0,True,False,False
0,154,283,0,True,False,False
0,283,154,0,True,False,False
0,154,140,0,True,False,False
0,140,154,0,True,False,False
0,154,66,0,True,False,False
0,66,154,0,True,False,False
0,154,150,0,True,False,False
0,150,154,0,True,False,False
0,221,165,0,True,False,False
0,165,221,0,True,False,False
0,221,140,0,True,False,False
0,140,221,0,True,False,False
0,145,221,0,True,False,False
0,221,145,0,True,False,False
0,221,242,0,True,False,False
0,242,221,0,True,False,False
0,228,281,0,True,False,False
0,281,228,0,True,False,False
0,228,279,0,True,False,False
0,279,228,0,True,False,False
0,228,298,0,True,False,False
0,298,228,0,True,False,False
0,228,25,0,True,False,False
0,25,228,0,True,False,False
0,228,223,0,True,False,False
0,223,228,0,True,False,False
0,23,25,0,True,False,False
0,25,23,0,True,False,False
0,23,150,0,True,False,False
0,150,23,0,True,False,False
0,23,264,0,True,False,False
0,264,23,0,True,False,False
0,23,262,0,True,False,False
0,262,23,0,True,False,False
0,23,38,0,True,False,False
0,38,23,0,True,False,False
0,145,165,0,True,False,False
0,165,145,0,True,False,False
0,66,257,0,True,False,False
0,257,66,0,True,False,False
0,66,283,0,True,False,False
0,283,66,0,True,False,False
0,140,66,0,True,False,False
0,66,140,0,True,False,False
0,150,66,0,True,False,False
0,66,150,0,True,False,False
0,281,279,0,True,False,False
0,279,281,0,True,False,False
0,279,298,0,True,False,False
0,298,279,0,True,False,False
0,25,279,0,True,False,False
0,279,25,0,True,False,False
0,279,33,0,True,False,False
0,33,279,0,True,False,False
0,279,212,0,True,False,False
0,212,279,0,True,False,False
0,279,124,0,True,False,False
0,124,279,0,True,False,False
0,279,223,0,True,False,False
0,223,279,0,True,False,False
0,281,223,0,True,False,False
0,223,281,0,True,False,False
0,140,8,0,True,False,False
0,8,140,0,True,False,False
0,165,140,0,True,False,False
0,140,165,0,True,False,False
0,140,283,0,True,False,False
0,283,140,0,True,False,False
0,140,242,0,True,False,False
0,242,140,0,True,False,False
0,25,308,0,True,False,False
0,308,25,0,True,False,False
0,25,298,0,True,False,False
0,298,25,0,True,False,False
0,25,262,0,True,False,False
0,262,25,0,True,False,False
0,150,161,0,True,False,False
0,161,150,0,True,False,False
0,150,257,0,True,False,False
0,257,150,0,True,False,False
0,150,264,0,True,False,False
0,264,150,0,True,False,False
0,165,242,0,True,False,False
0,242,165,0,True,False,False
0,257,161,0,True,False,False
0,161,257,0,True,False,False
0,264,257,0,True,False,False
0,257,264,0,True,False,False
0,298,291,0,True,False,False
0,291,298,0,True,False,False
0,298,308,0,True,False,False
0,308,298,0,True,False,False
0,298,212,0,True,False,False
0,212,298,0,True,False,False
0,298,124,0,True,False,False
0,124,298,0,True,False,False
0,262,298,0,True,False,False
0,298,262,0,True,False,False
0,223,33,0,True,False,False
0,33,223,0,True,False,False
0,223,212,0,True,False,False
0,212,223,0,True,False,False
0,262,308,0,True,False,False
0,308,262,0,True,False,False
0,262,192,0,True,False,False
0,192,262,0,True,False,False
0,264,262,0,True,False,False
0,262,264,0,True,False,False
0,262,38,0,True,False,False
0,38,262,0,True,False,False
0,264,161,0,True,False,False
0,161,264,0,True,False,False
0,264,177,0,True,False,False
0,177,264,0,True,False,False
0,264,38,0,True,False,False
0,38,264,0,True,False,False
0,242,8,0,True,False,False
0,8,242,0,True,False,False
0,242,283,0,True,False,False
0,283,242,0,True,False,False
0,161,177,0,True,False,False
0,177,161,0,True,False,False
0,161,38,0,True,False,False
0,38,161,0,True,False,False
0,38,308,0,True,False,False
0,308,38,0,True,False,False
0,38,149,0,True,False,False
0,149,38,0,True,False,False
0,38,192,0,True,False,False
0,192,38,0,True,False,False
0,38,177,0,True,False,False
0,177,38,0,True,False,False
0,283,8,0,True,False,False
0,8,283,0,True,False,False
0,212,33,0,False,True,False
0,33,212,0,False,True,False
0,212,124,0,False,True,False
0,124,212,0,False,True,False
0,308,291,0,False,True,False
0,291,308,0,False,True,False
0,308,192,0,False,True,False
0,192,308,0,False,True,False
0,308,195,0,False,True,False
0,195,308,0,False,True,False
0,308,124,0,False,True,False
0,124,308,0,False,True,False
0,124,291,0,False,True,False
0,291,124,0,False,True,False
0,177,149,0,False,True,False
0,149,177,0,False,True,False
0,177,192,0,False,True,False
0,192,177,0,False,True,False
0,192,260,0,False,True,False
0,260,192,0,False,True,False
0,192,291,0,False,True,False
0,291,192,0,False,True,False
0,192,149,0,False,True,False
0,149,192,0,False,True,False
0,192,195,0,False,True,False
0,195,192,0,False,True,False
0,149,260,0,False,True,False
0,260,149,0,False,True,False
0,195,260,0,False,True,False
0,260,195,0,False,True,False
0,251,10,0,False,True,False
0,10,251,0,False,True,False
0,251,238,0,False,True,False
0,238,251,0,False,True,False
0,251,139,0,False,True,False
0,139,251,0,False,True,False
0,251,270,0,False,True,False
0,270,251,0,False,True,False
0,251,97,0,False,True,False
0,97,251,0,False,True,False
0,139,178,0,False,True,False
0,178,139,0,False,True,False
0,139,238,0,False,True,False
0,238,139,0,False,True,False
0,139,97,0,False,True,False
0,97,139,0,False,True,False
0,139,51,0,False,True,False
0,51,139,0,False,True,False
0,291,195,0,False,True,False
0,195,291,0,False,True,False
0,149,195,0,False,True,False
0,195,149,0,False,True,False
0,253,148,0,False,True,False
0,148,253,0,False,True,False
0,238,253,0,False,True,False
0,253,238,0,False,True,False
0,253,214,0,False,True,False
0,214,253,0,False,True,False
0,253,96,0,False,True,False
0,96,253,0,False,True,False
0,253,132,0,False,True,False
0,132,253,0,False,True,False
0,270,253,0,False,True,False
0,253,270,0,False,True,False
0,97,253,0,False,True,False
0,253,97,0,False,True,False
0,253,241,0,False,True,False
0,241,253,0,False,True,False
0,238,10,0,False,True,False
0,10,238,0,False,True,False
0,10,309,0,False,True,False
0,309,10,0,False,True,False
0,10,133,0,False,True,False
0,133,10,0,False,True,False
0,10,270,0,False,True,False
0,270,10,0,False,True,False
0,97,178,0,False,True,False
0,178,97,0,False,True,False
0,97,44,0,False,True,False
0,44,97,0,False,True,False
0,97,148,0,False,True,False
0,148,97,0,False,True,False
0,238,97,0,False,True,False
0,97,238,0,False,True,False
0,97,51,0,False,True,False
0,51,97,0,False,True,False
0,238,148,0,False,True,False
0,148,238,0,False,True,False
0,238,214,0,False,True,False
0,214,238,0,False,True,False
0,238,270,0,False,True,False
0,270,238,0,False,True,False
0,51,302,0,False,True,False
0,302,51,0,False,True,False
0,51,178,0,False,True,False
0,178,51,0,False,True,False
0,51,220,0,False,True,False
0,220,51,0,False,True,False
0,270,163,0,False,True,False
0,163,270,0,False,True,False
0,270,214,0,False,True,False
0,214,270,0,False,True,False
0,270,309,0,False,True,False
0,309,270,0,False,True,False
0,270,133,0,False,True,False
0,133,270,0,False,True,False
0,148,178,0,False,True,False
0,178,148,0,False,True,False
0,148,44,0,False,True,False
0,44,148,0,False,True,False
0,148,119,0,False,True,False
0,119,148,0,False,True,False
0,148,96,0,False,True,False
0,96,148,0,False,True,False
0,148,132,0,False,True,False
0,132,148,0,False,True,False
0,133,100,0,False,True,False
0,100,133,0,False,True,False
0,133,309,0,False,True,False
0,309,133,0,False,True,False
0,133,121,0,False,True,False
0,121,133,0,False,True,False
0,214,163,0,False,True,False
0,163,214,0,False,True,False
0,214,166,0,False,True,False
0,166,214,0,False,True,False
0,214,309,0,False,True,False
0,309,214,0,False,True,False
0,214,132,0,False,True,False
0,132,214,0,False,True,False
0,214,241,0,False,True,False
0,241,214,0,False,True,False
0,178,302,0,False,True,False
0,302,178,0,False,True,False
0,302,247,0,False,True,False
0,247,302,0,False,True,False
0,302,87,0,False,True,False
0,87,302,0,False,True,False
0,302,220,0,False,True,False
0,220,302,0,False,True,False
0,178,84,0,False,True,False
0,84,178,0,False,True,False
0,178,44,0,False,True,False
0,44,178,0,False,True,False
0,178,220,0,False,True,False
0,220,178,0,False,True,False
0,309,100,0,False,True,False
0,100,309,0,False,True,False
0,309,163,0,False,True,False
0,163,309,0,False,True,False
0,309,248,0,False,True,False
0,248,309,0,False,True,False
0,309,121,0,False,True,False
0,121,309,0,False,True,False
0,44,84,0,False,True,False
0,84,44,0,False,True,False
0,44,119,0,False,True,False
0,119,44,0,False,True,False
0,96,44,0,False,True,False
0,44,96,0,False,True,False
0,44,220,0,False,True,False
0,220,44,0,False,True,False
0,44,137,0,False,True,False
0,137,44,0,False,True,False
0,247,87,0,False,True,False
0,87,247,0,False,True,False
0,220,247,0,False,True,False
0,247,220,0,False,True,False
0,121,100,0,False,True,False
0,100,121,0,False,True,False
0,132,157,0,False,True,False
0,157,132,0,False,True,False
0,132,96,0,False,True,False
0,96,132,0,False,True,False
0,132,216,0,False,True,False
0,216,132,0,False,True,False
0,132,3,0,False,True,False
0,3,132,0,False,True,False
0,132,241,0,False,True,False
0,241,132,0,False,True,False
0,96,157,0,False,True,False
0,157,96,0,False,True,False
0,96,240,0,False,True,False
0,240,96,0,False,True,False
0,96,119,0,False,True,False
0,119,96,0,False,True,False
0,96,216,0,False,True,False
0,216,96,0,False,True,False
0,220,79,0,False,True,False
0,79,220,0,False,True,False
0,220,84,0,False,True,False
0,84,220,0,False,True,False
0,220,87,0,False,True,False
0,87,220,0,False,True,False
0,157,240,0,False,True,False
0,240,157,0,False,True,False
0,157,119,0,False,True,False
0,119,157,0,False,True,False
0,216,157,0,False,True,False
0,157,216,0,False,True,False
0,157,235,0,False,True,False
0,235,157,0,False,True,False
0,157,122,0,False,True,False
0,122,157,0,False,True,False
0,157,89,0,False,True,False
0,89,157,0,False,True,False
0,163,241,0,False,True,False
0,241,163,0,False,True,False
0,241,166,0,False,True,False
0,166,241,0,False,True,False
0,241,216,0,False,True,False
0,216,241,0,False,True,False
0,241,3,0,False,True,False
0,3,241,0,False,True,False
0,241,27,0,False,True,False
0,27,241,0,False,True,False
0,163,100,0,False,True,False
0,100,163,0,False,True,False
0,163,166,0,False,True,False
0,166,163,0,False,True,False
0,163,187,0,False,True,False
0,187,163,0,False,True,False
0,163,248,0,False,True,False
0,248,163,0,False,True,False
0,100,248,0,False,True,False
0,248,100,0,False,True,False
0,216,3,0,False,True,False
0,3,216,0,False,True,False
0,216,122,0,False,True,False
0,122,216,0,False,True,False
0,216,282,0,False,True,False
0,282,216,0,False,True,False
0,216,89,0,False,True,False
0,89,216,0,False,True,False
0,87,79,0,False,True,False
0,79,87,0,False,True,False
0,84,87,0,False,True,False
0,87,84,0,False,True,False
0,84,79,0,False,True,False
0,79,84,0,False,True,False
0,119,84,0,False,True,False
0,84,119,0,False,True,False
0,84,230,0,False,True,False
0,230,84,0,False,True,False
0,84,137,0,False,True,False
0,137,84,0,False,True,False
0,248,166,0,False,True,False
0,166,248,0,False,True,False
0,248,187,0,False,True,False
0,187,248,0,False,True,False
0,166,187,0,False,True,False
0,187,166,0,False,True,False
0,166,3,0,False,True,False
0,3,166,0,False,True,False
0,166,27,0,False,True,False
0,27,166,0,False,True,False
0,166,224,0,False,True,False
0,224,166,0,False,True,False
0,119,294,0,False,True,False
0,294,119,0,False,True,False
0,119,240,0,False,True,False
0,240,119,0,False,True,False
0,119,137,0,False,True,False
0,137,119,0,False,True,False
0,3,101,0,False,True,False
0,101,3,0,False,True,False
0,3,27,0,False,True,False
0,27,3,0,False,True,False
0,3,122,0,False,True,False
0,122,3,0,False,True,False
0,3,282,0,False,True,False
0,282,3,0,False,True,False
0,122,282,0,False,True,False
0,282,122,0,False,True,False
0,122,89,0,False,True,False
0,89,122,0,False,True,False
0,187,27,0,False,True,False
0,27,187,0,False,True,False
0,187,224,0,False,True,False
0,224,187,0,False,True,False
0,240,294,0,False,True,False
0,294,240,0,False,True,False
0,240,235,0,False,True,False
0,235,240,0,False,True,False
0,240,2,0,False,True,False
0,2,240,0,False,True,False
0,240,137,0,False,True,False
0,137,240,0,False,True,False
0,89,240,0,False,True,False
0,240,89,0,False,True,False
0,137,79,0,False,True,False
0,79,137,0,False,True,False
0,137,294,0,False,True,False
0,294,137,0,False,True,False
0,137,147,0,False,True,False
0,147,137,0,False,True,False
0,137,230,0,False,True,False
0,230,137,0,False,True,False
0,89,235,0,False,True,False
0,235,89,0,False,True,False
0,79,230,0,False,True,False
0,230,79,0,False,True,False
0,224,245,0,False,True,False
0,245,224,0,False,True,False
0,224,101,0,False,True,False
0,101,224,0,False,True,False
0,27,224,0,False,True,False
0,224,27,0,False,True,False
0,282,101,0,False,True,False
0,101,282,0,False,True,False
0,27,282,0,False,True,False
0,282,27,0,False,True,False
0,27,245,0,False,True,False
0,245,27,0,False,True,False
0,27,101,0,False,True,False
0,101,27,0,False,True,False
0,235,294,0,False,True,False
0,294,235,0,False,True,False
0,235,2,0,False,False,True
0,2,235,0,False,False,True
0,294,230,0,False,False,True
0,230,294,0,False,False,True
0,230,147,0,False,False,True
0,147,230,0,False,False,True
0,294,159,0,False,False,True
0,159,294,0,False,False,True
0,294,147,0,False,False,True
0,147,294,0,False,False,True
0,294,2,0,False,False,True
0,2,294,0,False,False,True
0,101,245,0,False,False,True
0,245,101,0,False,False,True
0,147,159,0,False,False,True
0,159,147,0,False,False,True
0,2,147,0,False,False,True
0,147,2,0,False,False,True
0,2,159,0,False,False,True
0,159,2,0,False,False,True
0,144,168,0,False,False,True
0,168,144,0,False,False,True
0,144,50,0,False,False,True
0,50,144,0,False,False,True
0,144,201,0,False,False,True
0,201,144,0,False,False,True
0,144,60,0,False,False,True
0,60,144,0,False,False,True
0,144,58,0,False,False,True
0,58,144,0,False,False,True
0,144,62,0,False,False,True
0,62,144,0,False,False,True
0,144,143,0,False,False,True
0,143,144,0,False,False,True
0,144,34,0,False,False,True
0,34,144,0,False,False,True
0,58,168,0,False,False,True
0,168,58,0,False,False,True
0,58,50,0,False,False,True
0,50,58,0,False,False,True
0,58,62,0,False,False,True
0,62,58,0,False,False,True
0,58,190,0,False,False,True
0,190,58,0,False,False,True
0,34,58,0,False,False,True
0,58,34,0,False,False,True
0,58,115,0,False,False,True
0,115,58,0,False,False,True
0,58,179,0,False,False,True
0,179,58,0,False,False,True
0,201,50,0,False,False,True
0,50,201,0,False,False,True
0,201,60,0,False,False,True
0,60,201,0,False,False,True
0,201,143,0,False,False,True
0,143,201,0,False,False,True
0,201,34,0,False,False,True
0,34,201,0,False,False,True
0,50,143,0,False,False,True
0,143,50,0,False,False,True
0,34,265,0,False,False,True
0,265,34,0,False,False,True
0,34,60,0,False,False,True
0,60,34,0,False,False,True
0,34,297,0,False,False,True
0,297,34,0,False,False,True
0,34,91,0,False,False,True
0,91,34,0,False,False,True
0,34,62,0,False,False,True
0,62,34,0,False,False,True
0,50,168,0,False,False,True
0,168,50,0,False,False,True
0,60,297,0,False,False,True
0,297,60,0,False,False,True
0,60,91,0,False,False,True
0,91,60,0,False,False,True
0,168,115,0,False,False,True
0,115,168,0,False,False,True
0,168,179,0,False,False,True
0,179,168,0,False,False,True
0,91,297,0,False,False,True
0,297,91,0,False,False,True
0,297,28,0,False,False,True
0,28,297,0,False,False,True
0,297,231,0,False,False,True
0,231,297,0,False,False,True
0,115,80,0,False,False,True
0,80,115,0,False,False,True
0,115,92,0,False,False,True
0,92,115,0,False,False,True
0,62,115,0,False,False,True
0,115,62,0,False,False,True
0,115,190,0,False,False,True
0,190,115,0,False,False,True
0,115,179,0,False,False,True
0,179,115,0,False,False,True
0,115,237,0,False,False,True
0,237,115,0,False,False,True
0,190,265,0,False,False,True
0,265,190,0,False,False,True
0,190,80,0,False,False,True
0,80,190,0,False,False,True
0,190,170,0,False,False,True
0,170,190,0,False,False,True
0,190,92,0,False,False,True
0,92,190,0,False,False,True
0,62,190,0,False,False,True
0,190,62,0,False,False,True
0,190,43,0,False,False,True
0,43,190,0,False,False,True
0,62,265,0,False,False,True
0,265,62,0,False,False,True
0,62,91,0,False,False,True
0,91,62,0,False,False,True
0,62,43,0,False,False,True
0,43,62,0,False,False,True
0,91,265,0,False,False,True
0,265,91,0,False,False,True
0,91,284,0,False,False,True
0,284,91,0,False,False,True
0,91,28,0,False,False,True
0,28,91,0,False,False,True
0,91,231,0,False,False,True
0,231,91,0,False,False,True
0,265,231,0,False,False,True
0,231,265,0,False,False,True
0,231,284,0,False,False,True
0,284,231,0,False,False,True
0,231,76,0,False,False,True
0,76,231,0,False,False,True
0,231,28,0,False,False,True
0,28,231,0,False,False,True
0,231,114,0,False,False,True
0,114,231,0,False,False,True
0,231,105,0,False,False,True
0,105,231,0,False,False,True
0,265,82,0,False,False,True
0,82,265,0,False,False,True
0,265,284,0,False,False,True
0,284,265,0,False,False,True
0,265,43,0,False,False,True
0,43,265,0,False,False,True
0,92,80,0,False,False,True
0,80,92,0,False,False,True
0,92,301,0,False,False,True
0,301,92,0,False,False,True
0,92,14,0,False,False,True
0,14,92,0,False,False,True
0,92,57,0,False,False,True
0,57,92,0,False,False,True
0,179,92,0,False,False,True
0,92,179,0,False,False,True
0,92,237,0,False,False,True
0,237,92,0,False,False,True
0,28,114,0,False,False,True
0,114,28,0,False,False,True
0,28,105,0,False,False,True
0,105,28,0,False,False,True
0,179,237,0,False,False,True
0,237,179,0,False,False,True
0,301,274,0,False,False,True
0,274,301,0,False,False,True
0,80,301,0,False,False,True
0,301,80,0,False,False,True
0,301,14,0,False,False,True
0,14,301,0,False,False,True
0,301,204,0,False,False,True
0,204,301,0,False,False,True
0,301,57,0,False,False,True
0,57,301,0,False,False,True
0,237,301,0,False,False,True
0,301,237,0,False,False,True
0,301,90,0,False,False,True
0,90,301,0,False,False,True
0,237,14,0,False,False,True
0,14,237,0,False,False,True
0,114,105,0,False,False,True
0,105,114,0,False,False,True
0,80,255,0,False,False,True
0,255,80,0,False,False,True
0,80,170,0,False,False,True
0,170,80,0,False,False,True
0,80,43,0,False,False,True
0,43,80,0,False,False,True
0,80,57,0,False,False,True
0,57,80,0,False,False,True
0,43,142,0,False,False,True
0,142,43,0,False,False,True
0,43,82,0,False,False,True
0,82,43,0,False,False,True
0,43,170,0,False,False,True
0,170,43,0,False,False,True
0,43,284,0,False,False,True
0,284,43,0,False,False,True
0,284,82,0,False,False,True
0,82,284,0,False,False,True
0,284,293,0,False,False,True
0,293,284,0,False,False,True
0,284,76,0,False,False,True
0,76,284,0,False,False,True
0,284,114,0,False,False,True
0,114,284,0,False,False,True
0,114,76,0,False,False,True
0,76,114,0,False,False,True
0,14,274,0,False,False,True
0,274,14,0,False,False,True
0,14,90,0,False,False,True
0,90,14,0,False,False,True
0,170,142,0,False,False,True
0,142,170,0,False,False,True
0,170,255,0,False,False,True
0,255,170,0,False,False,True
0,170,82,0,False,False,True
0,82,170,0,False,False,True
0,170,94,0,False,False,True
0,94,170,0,False,False,True
0,170,57,0,False,False,True
0,57,170,0,False,False,True
0,57,255,0,False,False,True
0,255,57,0,False,False,True
0,57,198,0,False,False,True
0,198,57,0,False,False,True
0,57,204,0,False,False,True
0,204,57,0,False,False,True
0,57,90,0,False,False,True
0,90,57,0,False,False,True
0,82,76,0,False,False,True
0,76,82,0,False,False,True
0,76,293,0,False,False,True
0,293,76,0,False,False,True
0,82,142,0,False,False,True
0,142,82,0,False,False,True
0,82,193,0,False,False,True
0,193,82,0,False,False,True
0,82,293,0,False,False,True
0,293,82,0,False,False,True
0,142,255,0,False,False,True
0,255,142,0,False,False,True
0,142,193,0,False,False,True
0,193,142,0,False,False,True
0,142,94,0,False,False,True
0,94,142,0,False,False,True
0,142,293,0,False,False,True
0,293,142,0,False,False,True
0,142,110,0,False,False,True
0,110,142,0,False,False,True
0,255,204,0,False,False,True
0,204,255,0,False,False,True
0,204,129,0,False,False,True
0,129,204,0,False,False,True
0,204,191,0,False,False,True
0,191,204,0,False,False,True
0,204,198,0,False,False,True
0,198,204,0,False,False,True
0,204,67,0,False,False,True
0,67,204,0,False,False,True
0,90,204,0,False,False,True
0,204,90,0,False,False,True
0,293,193,0,False,False,True
0,193,293,0,False,False,True
0,274,191,0,False,False,True
0,191,274,0,False,False,True
0,191,129,0,False,False,True
0,129,191,0,False,False,True
0,191,199,0,False,False,True
0,199,191,0,False,False,True
0,90,191,0,False,False,True
0,191,90,0,False,False,True
0,255,74,0,False,False,True
0,74,255,0,False,False,True
0,255,198,0,False,False,True
0,198,255,0,False,False,True
0,255,94,0,False,False,True
0,94,255,0,False,False,True
0,274,199,0,False,False,True
0,199,274,0,False,False,True
0,90,274,0,False,False,True
0,274,90,0,False,False,True
0,90,129,0,False,False,True
0,129,90,0,False,False,True
0,90,199,0,False,False,True
0,199,90,0,False,False,True
0,198,129,0,False,False,True
0,129,198,0,False,False,True
0,129,67,0,False,False,True
0,67,129,0,False,False,True
0,198,74,0,False,False,True
0,74,198,0,False,False,True
0,94,198,0,False,False,True
0,198,94,0,False,False,True
0,198,123,0,False,False,True
0,123,198,0,False,False,True
0,198,67,0,False,False,True
0,67,198,0,False,False,True
0,193,94,0,False,False,True
0,94,193,0,False,False,True
0,94,74,0,False,False,True
0,74,94,0,False,False,True
0,94,110,0,False,False,True
0,110,94,0,False,False,True
0,94,207,0,False,False,True
0,207,94,0,False,False,True
0,193,110,0,False,False,True
0,110,193,0,False,False,True
0,74,207,0,False,False,True
0,207,74,0,False,False,True
0,207,123,0,False,False,True
0,123,207,0,False,False,True
0,110,207,0,False,False,True
0,207,110,0,False,False,True
0,74,123,0,False,False,True
0,123,74,0,False,False,True
0,67,123,0,False,False,True
0,123,67,0,False,False,True
0,110,74,0,False,False,True
0,74,110,0,False,False,True
0,74,67,0,False,False,True
0,67,74,0,False,False,True
